BLEU,CHRF,CHRF++,TER,BERT-P,BERT-R,BERT-F1,METEOR,COMET,CHRF<10
27.82636864186238,40.275262101200944,39.10927241815473,228.07725975005386,0.7904561704397202,0.8169512796401978,0.8013721507787704,0.41696195806834024,0.6676188778877258,20.0
