BLEU,CHRF,CHRF++,TER,BERT-P,BERT-R,BERT-F1,METEOR,CHRF<10,COMET
13.616710703220516,33.88833228030382,33.66495339376218,143.36973478939157,0.7904542684555054,0.8169458508491516,0.8013679385185242,0.41696195806834024,20,0.6676188778877258
