BLEU,CHRF,CHRF++,TER,BERT-P,BERT-R,BERT-F1,METEOR,COMET,CHRF<10
32.698680279817054,51.894468181744486,50.62718148629323,211.1639971139971,0.8108237165212632,0.853973091840744,0.8301017209887505,0.44997502393204103,0.7089140477776528,12.0
