BLEU,CHRF,CHRF++,TER,BERT-P,BERT-R,BERT-F1,METEOR,CHRF<10,COMET
12.15949843051273,44.301288623480445,43.91562547074716,159.53878406708594,0.8108172416687012,0.8539720177650452,0.8300975561141968,0.4499750239320409,12,0.7089140477776528
