BLEU,CHRF,CHRF++,TER,BERT-P,BERT-R,BERT-F1,METEOR,CHRF<10,COMET
21.243771097713854,54.723848359144014,54.06626167775856,127.36625514403292,0.8907203674316406,0.9172475934028625,0.9029556512832642,0.5333807738300672,8,0.7486973983049393
