BLEU,CHRF,CHRF++,TER,BERT-P,BERT-R,BERT-F1,METEOR,COMET,CHRF<10
43.99884655437498,61.63091761303902,60.508321649832354,186.7193362193362,0.8907229244709015,0.9172580844163895,0.9029615235328674,0.5333807738300673,0.7486973983049393,8.0
