BLEU,CHRF,CHRF++,TER,BERT-P,BERT-R,BERT-F1,METEOR,COMET,CHRF<10
38.303031287942694,58.22847106349315,56.54740048290009,238.1657079032079,0.8304012590646743,0.8656656908988952,0.8456092321872711,0.48543622172199974,0.7215388458967209,7.0
