BLEU,CHRF,CHRF++,TER,BERT-P,BERT-R,BERT-F1,METEOR,CHRF<10,COMET
13.525438860158724,48.51513531812988,47.33552059655386,196.78714859437753,0.8304063677787781,0.8656719923019409,0.8456146121025085,0.48543622172199946,7,0.7215388458967209
