BLEU,CHRF,CHRF++,TER,BERT-P,BERT-R,BERT-F1,METEOR,COMET,CHRF<10
25.763036470993587,39.016181063985876,38.05031726551335,254.91727994227998,0.7863152468204498,0.8183452367782593,0.8004850620031356,0.1736299822465474,0.6137864595651626,20.0
