BLEU,CHRF,CHRF++,TER,BERT-P,BERT-R,BERT-F1,METEOR,CHRF<10,COMET
10.39036177709812,35.463107170327426,34.85384935790989,175.54240631163708,0.7863097190856934,0.818341076374054,0.8004803657531738,0.17362998224654747,20,0.6137864595651626
