BLEU,CHRF,CHRF++,TER,BERT-P,BERT-R,BERT-F1,METEOR,CHRF<10,COMET
12.33820838559338,46.42018440119557,45.11460645981339,181.15079365079364,0.8208471536636353,0.8548625707626343,0.8352913856506348,0.4627127217009583,8,0.7255639553070068
