BLEU,CHRF,CHRF++,TER,BERT-P,BERT-R,BERT-F1,METEOR,COMET,CHRF<10
34.68626077606591,53.68801479892923,52.2815348138643,256.6247807747808,0.8208551567792892,0.8548663532733918,0.8352974072098732,0.46271272170095834,0.7255639553070068,8.0
