BLEU,CHRF,CHRF++,TER,BERT-P,BERT-R,BERT-F1,METEOR,CHRF<10,COMET
16.85026044201383,34.675360765046385,35.31342502780214,150.74135090609556,0.7753860950469971,0.8168747425079346,0.7937353253364563,0.44665413834399964,24,0.6864734640717507
