BLEU,CHRF,CHRF++,TER,BERT-P,BERT-R,BERT-F1,METEOR,COMET,CHRF<10
29.89951600477574,36.59799295192874,36.97865753401468,234.46962071296434,0.7753776031732559,0.8168643486499786,0.7937260687351226,0.44665413834399964,0.6864734640717507,24.0
