BLEU,CHRF,CHRF++,TER,BERT-P,BERT-R,BERT-F1,METEOR,COMET,CHRF<10
25.66501164596896,36.61873851895573,36.464097804748924,210.88953823953824,0.7838009107112884,0.821119065284729,0.8003200322389603,0.4334183974422919,0.6775828728079796,24.0
