BLEU,CHRF,CHRF++,TER,BERT-P,BERT-R,BERT-F1,METEOR,CHRF<10,COMET
12.873956123207158,30.849295549301516,31.45205706995611,151.35135135135135,0.7838036417961121,0.8211181163787842,0.8003210425376892,0.43341839744229177,24,0.6775828728079796
