BLEU,CHRF,CHRF++,TER,BERT-P,BERT-R,BERT-F1,METEOR,COMET,CHRF<10
33.142988205236065,53.13421544004311,51.07701779251075,233.2273088023088,0.8104589700698852,0.8458466708660126,0.8255639463663101,0.44109487234931777,0.7225064983963967,9.0
