BLEU,CHRF,CHRF++,TER,BERT-P,BERT-R,BERT-F1,METEOR,CHRF<10,COMET
13.042771909178825,44.90488182401004,43.73043849545782,161.67315175097278,0.810453474521637,0.8458393812179565,0.825558066368103,0.4410948723493176,9,0.7225064983963967
