BLEU,CHRF,CHRF++,TER,BERT-P,BERT-R,BERT-F1,METEOR,COMET,CHRF<10
15.514089611573421,30.601580607341834,28.631302602571076,236.80834859584857,0.75212199062109,0.780447565317154,0.7635123944282531,0.33034924100865015,0.6412760186195373,35.0
