BLEU,CHRF,CHRF++,TER,BERT-P,BERT-R,BERT-F1,METEOR,CHRF<10,COMET
9.527424640139111,28.354452859714037,27.572969593877783,146.22950819672133,0.7521240711212158,0.7804501056671143,0.7635147571563721,0.33034924100865004,35,0.6412760186195373
