BLEU,CHRF,CHRF++,TER,BERT-P,BERT-R,BERT-F1,METEOR,CHRF<10,COMET
11.377363712781179,41.352834719504045,40.48193102719025,153.8152610441767,0.6797908544540405,0.7649410963058472,0.7120833396911621,0.4153583269888137,8,0.6989953020215034
