BLEU,CHRF,CHRF++,TER,BERT-P,BERT-R,BERT-F1,METEOR,COMET,CHRF<10
22.06919182181202,35.86013614303015,34.31707415250989,224.1564775910364,0.7576487070322037,0.7836927968263626,0.7683025163412094,0.38776435186268066,0.6517084646224975,26.0
