BLEU,CHRF,CHRF++,TER,BERT-P,BERT-R,BERT-F1,METEOR,COMET,CHRF<10
29.83909012341808,48.90530153742989,47.07880493341668,239.0761183261183,0.6797895358502865,0.7649371492862701,0.7120803707838058,0.4153583269888137,0.6989953020215034,8.0
