BLEU,CHRF,CHRF++,TER,BERT-P,BERT-R,BERT-F1,METEOR,CHRF<10,COMET
12.52884309172399,32.90190661674664,32.13657785256972,159.57894736842104,0.7576521039009094,0.7837016582489014,0.7683082818984985,0.38776435186268077,26,0.6517084646224975
