BLEU,CHRF,CHRF++,TER,BERT-P,BERT-R,BERT-F1,METEOR,CHRF<10,COMET
18.35438029208592,35.89198536596029,36.774024814881294,148.06924101198402,0.7497756481170654,0.7941988110542297,0.7672001719474792,0.4490775828935383,21,0.6935134279727936
