BLEU,CHRF,CHRF++,TER,BERT-P,BERT-R,BERT-F1,METEOR,COMET,CHRF<10
31.082568802201248,38.388085143289054,38.764432822199225,269.2092708031562,0.7497748720645905,0.7941943216323852,0.7671978631615639,0.44907758289353844,0.6935134279727936,21.0
