BLEU,CHRF,CHRF++,TER,BERT-P,BERT-R,BERT-F1,METEOR,COMET,CHRF<10
5.789899801240748,36.05145237596736,31.795690530524418,102.44724771949569,0.7481910037994385,0.7517267161607742,0.7495405268669129,0.22313815945022633,0.6489805358648301,4.0
