cluster,BLEU,CHRF++,BERT-F1,COMET
1,6.173523641178162,33.2172472931882,0.7467673656187559,0.6294181386106893
0,5.841655590747978,30.77578995284852,0.7576771606417263,0.6465319386299919
2,5.206421131209767,31.10488562551575,0.7434239046914237,0.6785028002091816
