BLEU,CHRF,CHRF++,TER,BERT-P,BERT-R,BERT-F1,METEOR,CHRF<10,COMET
5.877559317377095,36.177376863064445,31.831669890530822,96.71122427328666,0.7481877207756042,0.751721203327179,0.7495361566543579,0.22313815945022625,4,0.6489805358648301
