BLEU,CHRF,CHRF++,TER,BERT-P,BERT-R,BERT-F1,METEOR,CHRF<10,COMET
17.89313147186164,36.96281745857163,35.042093073803166,111.89024390243902,0.7597460746765137,0.7977102398872375,0.7754380106925964,0.37519090542887845,15,0.6373906368017197
