BLEU,CHRF,CHRF++,TER,BERT-P,BERT-R,BERT-F1,METEOR,COMET,CHRF<10
21.47175940222286,37.674332464161445,35.98667484569157,198.21493360440726,0.7597502660751343,0.7977119368314743,0.7754402410984039,0.37519090542887823,0.6373906368017197,15.0
