BLEU,CHRF,CHRF++,TER,BERT-P,BERT-R,BERT-F1,METEOR,CHRF<10,COMET
20.400550284110164,51.39402315774658,50.67005183758329,119.65973534971646,0.7989994883537292,0.847972571849823,0.8202255368232727,0.497873332287252,8,0.7106078916788101
