BLEU,CHRF,CHRF++,TER,BERT-P,BERT-R,BERT-F1,METEOR,COMET,CHRF<10
34.33366405786545,54.13133725796072,52.85558702152661,209.39733205391101,0.7990029755234719,0.8479809105396271,0.8202311819791794,0.4978733322872522,0.7106078916788101,8.0
