BLEU,CHRF,CHRF++,TER,BERT-P,BERT-R,BERT-F1,METEOR,COMET,CHRF<10
53.51643139307378,67.85568121681173,67.0866137643572,144.18859722149196,0.8421860933303833,0.9058241778612137,0.8718662142753602,0.6530441175724303,0.7878329381346703,4.0
