BLEU,CHRF,CHRF++,TER,BERT-P,BERT-R,BERT-F1,METEOR,COMET,CHRF<10
44.082971695055384,61.806842452396396,60.37696341143092,163.9868352407826,0.8424722456932068,0.8769880259037017,0.8570000404119491,0.5589477745617883,0.7868743002414703,6.0
