BLEU,CHRF,CHRF++,TER,BERT-P,BERT-R,BERT-F1,METEOR,CHRF<10,COMET
31.038075600720845,62.81207222462679,62.19120961534844,96.43527204502814,0.8421844244003296,0.9058291912078857,0.8718673586845398,0.6530441175724299,4,0.7878329381346703
