BLEU,CHRF,CHRF++,TER,BERT-P,BERT-R,BERT-F1,METEOR,CHRF<10,COMET
22.355950161760976,57.003180757763175,55.887501177314945,113.2216014897579,0.842471182346344,0.8769795298576355,0.8569957613945007,0.558947774561788,6,0.7868743002414703
