BLEU,CHRF,CHRF++,TER,BERT-P,BERT-R,BERT-F1,METEOR,CHRF<10,COMET
18.06631792038118,49.38632629924643,48.30342629032936,148.1549815498155,0.8009182810783386,0.8469354510307312,0.8203756809234619,0.47685294264531,9,0.6946470168232918
