BLEU,CHRF,CHRF++,TER,BERT-P,BERT-R,BERT-F1,METEOR,COMET,CHRF<10
34.29363849012904,51.57987691188814,49.99327721913103,248.29876526981792,0.8009119349718093,0.8469348442554474,0.8203718370199203,0.47685294264531,0.6946470168232918,9.0
