BLEU,CHRF,CHRF++,TER,BERT-P,BERT-R,BERT-F1,METEOR,COMET,CHRF<10
16.589135633711937,27.1616338455133,26.48037487744672,240.30184260184262,0.7299434149265289,0.7688424783945084,0.7472093570232391,0.09924543528993125,0.5458752378821373,32.0
