BLEU,CHRF,CHRF++,TER,BERT-P,BERT-R,BERT-F1,METEOR,CHRF<10,COMET
11.952259838401325,29.931069980168147,30.19327274267519,149.00542495479206,0.729933500289917,0.768826425075531,0.7471966743469238,0.09924543528993125,32,0.5458752378821373
