BLEU,CHRF,CHRF++,TER,BERT-P,BERT-R,BERT-F1,METEOR,COMET,CHRF<10
36.44400166876211,56.901355209195216,55.04746429334506,196.1489947187316,0.817109414935112,0.8686199718713761,0.8398345774412155,0.5215582383064953,0.7397958272695542,6.0
