BLEU,CHRF,CHRF++,TER,BERT-P,BERT-R,BERT-F1,METEOR,CHRF<10,COMET
22.91624615664577,56.02727143176796,54.595925068436955,115.0093808630394,0.8171089887619019,0.868621826171875,0.8398353457450867,0.5215582383064951,6,0.7397958272695542
