BLEU,CHRF,CHRF++,TER,BERT-P,BERT-R,BERT-F1,METEOR,COMET,CHRF<10
29.859858177911818,40.50315911213476,40.31998393685725,217.95468420468424,0.7552535209059715,0.8167598414421081,0.7825031459331513,0.49259384429178255,0.6653337714076042,22.0
