BLEU,CHRF,CHRF++,TER,BERT-P,BERT-R,BERT-F1,METEOR,CHRF<10,COMET
18.478482348675044,36.672504136727625,36.797799022499284,154.16666666666669,0.7552422285079956,0.8167403936386108,0.7824884057044983,0.4925938442917823,22,0.6653337714076042
