BLEU,CHRF,CHRF++,TER,BERT-P,BERT-R,BERT-F1,METEOR,CHRF<10,COMET
16.85785877621272,31.778903485080413,32.33116060366717,176.9230769230769,0.7435444593429565,0.8033979535102844,0.7700197100639343,0.4815306620085955,36,0.6325850942730904
