BLEU,CHRF,CHRF++,TER,BERT-P,BERT-R,BERT-F1,METEOR,COMET,CHRF<10
29.369139922349902,34.56363606713599,35.10165652601186,240.28698202382418,0.743547071814537,0.8034070008993148,0.7700253343582153,0.4815306620085954,0.6325850942730904,36.0
