BLEU,CHRF,CHRF++,TER,BERT-P,BERT-R,BERT-F1,METEOR,COMET,CHRF<10
18.093557286514812,30.25023259194833,28.992524104311652,200.83437746464062,0.7238214167952538,0.7559721207618714,0.7364521247148513,0.3153829366746267,0.6259065690636635,39.0
