BLEU,CHRF,CHRF++,TER,BERT-P,BERT-R,BERT-F1,METEOR,CHRF<10,COMET
13.940809057352153,29.7555737199611,29.24278183843955,110.4134762633997,0.7238188982009888,0.7559621334075928,0.7364463806152344,0.3153829366746267,39,0.6259065690636635
