BLEU,CHRF,CHRF++,TER,BERT-P,BERT-R,BERT-F1,METEOR,CHRF<10,COMET
12.22294393608901,40.953952726954874,40.11462747790435,136.41618497109826,0.63643479347229,0.741366982460022,0.6778998374938965,0.4281621097425189,13,0.6978704369068146
