BLEU,CHRF,CHRF++,TER,BERT-P,BERT-R,BERT-F1,METEOR,CHRF<10,COMET
13.801429435307675,36.92919387495736,34.98859228660051,152.10420841683367,0.7408661842346191,0.795834481716156,0.7649936079978943,0.4150843211025026,20,0.6388438880443573
