BLEU,CHRF,CHRF++,TER,BERT-P,BERT-R,BERT-F1,METEOR,COMET,CHRF<10
29.999424989398207,44.923118620850474,44.095580678608734,209.84522334390758,0.6364330986142158,0.7413659703731537,0.6778981351852417,0.42816210974251895,0.6978704369068146,13.0
