BLEU,CHRF,CHRF++,TER,BERT-P,BERT-R,BERT-F1,METEOR,COMET,CHRF<10
20.24024324228953,36.59843342810917,33.99803147626911,258.452993059572,0.740878533422947,0.795856631398201,0.7650102537870407,0.4150843211025027,0.6388438880443573,20.0
