BLEU,CHRF,CHRF++,TER,BERT-P,BERT-R,BERT-F1,METEOR,CHRF<10,COMET
27.9377843426183,44.29891114045949,45.21739348161256,94.50980392156862,0.791368305683136,0.8473942279815674,0.8147230744361877,0.4301394361690981,14,0.7407366415858269
