BLEU,CHRF,CHRF++,TER,BERT-P,BERT-R,BERT-F1,METEOR,COMET,CHRF<10
41.68360730152869,48.40646382771497,48.02649504853758,139.61131478170952,0.7913750484585762,0.8474032202363014,0.8147309955954551,0.43013943616909833,0.7407366415858269,14.0
