cluster,BLEU,CHRF++,BERT-F1,COMET
0,9.153072752095609,31.285372366568303,0.7387785400663104,0.6395890130465771
1,9.125815366481733,33.055482260310995,0.7408759383330669,0.635578115183608
2,11.630264486276724,36.52925112778868,0.7585093491539662,0.7018870372249155
