BLEU,CHRF,CHRF++,TER,BERT-P,BERT-R,BERT-F1,METEOR,COMET,CHRF<10
23.168845787263823,51.461923307086884,47.43816979052054,126.52205742993185,0.8669562057852745,0.9013503404855728,0.8833741589784622,0.5467852097868428,0.6613775150775909,28.0
