BLEU,CHRF,CHRF++,TER,BERT-P,BERT-R,BERT-F1,METEOR,CHRF<10,COMET
19.008162645223653,52.70616172565794,48.50229038588888,102.7216464096637,0.8669547438621521,0.9013493657112122,0.8833728432655334,0.5467852097868429,28,0.6613775150775909
