BLEU,CHRF,CHRF++,TER,BERT-P,BERT-R,BERT-F1,METEOR,CHRF<10,COMET
25.941663485418573,50.00454410815722,46.855966862114485,87.09338929695699,0.8004957437515259,0.8103716969490051,0.8040838837623596,0.41207524882796404,18,0.6795878773927688
