cluster,BLEU,CHRF++,BERT-F1,COMET
1,22.091664271661283,30.627255407007475,0.7703705188390371,0.6195716471285433
0,27.637324038329314,45.45590298245255,0.8271660268306732,0.7084862560033798
2,27.51890607475939,44.5649754208806,0.8181961619335673,0.7258776763211126
