BLEU,CHRF,CHRF++,TER,BERT-P,BERT-R,BERT-F1,METEOR,COMET,CHRF<10
25.55819379304106,42.25962166621181,39.76439004037633,173.09047316935113,0.8005022644996643,0.8103744894266128,0.8040886199474335,0.412075248827964,0.6795878773927688,18.0
