BLEU,CHRF,CHRF++,TER,BERT-P,BERT-R,BERT-F1,METEOR,CHRF<10,COMET
33.4763385879559,64.25868602199226,61.69325138272698,59.72222222222222,0.8509436249732971,0.874399721622467,0.8615031242370605,0.5855760921919163,5,0.7758966344594955
