cluster,BLEU,CHRF++,BERT-F1,COMET
1,52.12003618674668,65.3730790901416,0.8897124883290883,0.8208553895757005
0,34.00344378876339,61.074549261841035,0.8601311758160591,0.7508848823606968
2,31.34446653804663,52.07628028544349,0.836321120676787,0.7312832824561907
