BLEU,CHRF,CHRF++,TER,BERT-P,BERT-R,BERT-F1,METEOR,CHRF<10,COMET
32.578021791486215,64.36214197482028,61.21828427625592,61.808510638297875,0.8521172404289246,0.8819429278373718,0.8655976057052612,0.5676001510891602,5,0.7722656020522117
