BLEU,CHRF,CHRF++,TER,BERT-P,BERT-R,BERT-F1,METEOR,CHRF<10,COMET
11.999108443232853,36.31904919282143,34.37568229494666,99.01315789473685,0.7661746740341187,0.7909227609634399,0.7774099111557007,0.1358132802089862,31,0.5957217413187027
