cluster,BLEU,CHRF++,BERT-F1,COMET
1,16.928333400273157,21.253788080648665,0.7521583421810253,0.5671558790915722
0,11.794609462623601,31.227735935164162,0.7809646621346473,0.5867133043706417
2,19.651482189261497,37.01248075527512,0.8118329255477242,0.6573423665502797
