BLEU,CHRF,CHRF++,TER,BERT-P,BERT-R,BERT-F1,METEOR,CHRF<10,COMET
28.94158684977011,64.3291288815257,61.050164605746616,73.86117136659436,0.8546311259269714,0.881503164768219,0.866749107837677,0.5454362287742556,6,0.7932328790426254
