BLEU,CHRF,CHRF++,TER,BERT-P,BERT-R,BERT-F1,METEOR,COMET,CHRF<10
38.739162838757004,62.06142367593766,59.49169839869666,131.93432507974157,0.8546310541033745,0.8815021896362305,0.8667486423254013,0.5454362287742556,0.7932328790426254,6.0
