cluster,BLEU,CHRF++,BERT-F1,COMET
1,44.87557851813051,60.99737449369867,0.8760312537889223,0.8097984573325595
0,38.529387906665185,60.37963101878597,0.862869119644165,0.776072359085083
2,29.232363584272324,55.52529316745124,0.8585627415905828,0.7964282878067183
