BLEU,CHRF,CHRF++,TER,BERT-P,BERT-R,BERT-F1,METEOR,CHRF<10,COMET
22.708859673575006,41.31436161396317,39.80586835423631,83.88003748828491,0.8073333501815796,0.8258118629455566,0.815077543258667,0.47094227061536187,20,0.7418168461322785
