cluster,BLEU,CHRF++,BERT-F1,COMET
1,29.347277710931806,34.15329194346943,0.8041330430958722,0.7012282376353806
0,26.041514319408055,42.08821126872764,0.8240232318639755,0.7668414004147053
2,30.031055846127973,41.05295181942417,0.8171437227207682,0.7635906001795894
