BLEU,CHRF,CHRF++,TER,BERT-P,BERT-R,BERT-F1,METEOR,CHRF<10,COMET
23.989331443662724,40.45962456584938,39.85346200986458,100.6872852233677,0.8081332445144653,0.8314947485923767,0.8186424970626831,0.5015421242903227,21,0.7453804591298103
