cluster,BLEU,CHRF++,BERT-F1,COMET
1,29.97315164543039,34.23490269867326,0.8098869919776917,0.7149352801812662
0,32.23386228763627,42.109660205080615,0.8284168422222138,0.7707318387925625
2,29.20300693249765,39.90410257083387,0.8157596976860709,0.7502681301987689
