BLEU,CHRF,CHRF++,TER,BERT-P,BERT-R,BERT-F1,METEOR,COMET,CHRF<10
30.70030261833822,39.62375202992594,38.68872167183314,187.0437880084805,0.8081402495503426,0.8315022873878479,0.8186496543884277,0.5015421242903227,0.7453804591298103,21.0
