BLEU,CHRF,CHRF++,TER,BERT-P,BERT-R,BERT-F1,METEOR,CHRF<10,COMET
31.458720109370418,64.05148075522713,61.1850489450312,62.71367521367522,0.8445202112197876,0.8764289617538452,0.859122633934021,0.5798803544340387,7,0.7760670548677444
