BLEU,CHRF,CHRF++,TER,BERT-P,BERT-R,BERT-F1,METEOR,COMET,CHRF<10
39.854923731913885,60.95842580215983,58.944767612032145,87.61986378743735,0.8445275855064392,0.8764375817775726,0.8591304820775986,0.5798803544340388,0.7760670548677444,7.0
