cluster,BLEU,CHRF++,BERT-F1,COMET
1,50.26764683064537,59.794051733140385,0.8706098247218776,0.792389373521547
0,34.463022948707064,60.05313883533611,0.8535147279500961,0.7656919486820698
2,32.48124010909681,55.65092581145983,0.8504302423933278,0.7678530747475831
