BLEU,CHRF,CHRF++,TER,BERT-P,BERT-R,BERT-F1,METEOR,COMET,CHRF<10
28.50976925369083,45.47595285593716,43.31133783751151,115.6192966480999,0.8046764513850212,0.8364263099431991,0.8190980118513107,0.4601446832520426,0.7493313750624657,19.0
