cluster,BLEU,CHRF++,BERT-F1,COMET
1,39.8167834351473,51.32272313474219,0.7635355648156759,0.7836783769968394
0,28.538094841104897,53.42959364007049,0.7587185427546501,0.7577919431030751
2,25.628580102200548,47.764406524894696,0.7633402490097544,0.7814631371394448
