cluster,BLEU,CHRF++,BERT-F1,COMET
1,25.074709266071018,36.07382470626484,0.7930830169368435,0.6779150850064045
0,24.91699609060563,43.676766717982865,0.8229453355073929,0.744172215461731
2,25.068285161119586,46.64174335844488,0.8292684347733207,0.7696310994417771
