cluster,BLEU,CHRF++,BERT-F1,COMET
0,31.472820256090788,50.57042205592217,0.8280480121190732,0.7414850651644744
1,36.2995378674936,44.82851131434169,0.8159767854610254,0.7311715731501827
2,28.62009405826348,47.71439693143539,0.8256193443285581,0.7533198583584567
