BLEU,CHRF,CHRF++,TER,BERT-P,BERT-R,BERT-F1,METEOR,COMET,CHRF<10
38.83087606284335,43.52217867445808,41.87810478033717,203.60467270962516,0.7540461573004723,0.809544461965561,0.7776985475420952,0.4798344943201024,0.7202381704747677,27.0
