BLEU,CHRF,CHRF++,TER,BERT-P,BERT-R,BERT-F1,METEOR,COMET,CHRF<10
10.972872242608137,42.30510779202212,37.93295940452148,111.3232628251908,0.7549600780010224,0.7606681102514267,0.7573107826709747,0.31073168095395415,0.6889539977908135,7.0
