cluster,BLEU,CHRF++,BERT-F1,COMET
1,9.467526753806883,36.85413376988239,0.7486634787760282,0.6558968071874819
0,10.664751562428636,35.05826436536339,0.7506441123345319,0.665507022948826
2,13.389987660484952,42.8877810276522,0.7771416519369397,0.7622886544891766
