BLEU,CHRF,CHRF++,TER,BERT-P,BERT-R,BERT-F1,METEOR,CHRF<10,COMET
12.80697110661315,44.38993059287344,39.835006228410705,100.38338658146967,0.7549585700035095,0.7606680989265442,0.7573100328445435,0.3107316809539542,7,0.6889539977908135
