BLEU,CHRF,CHRF++,TER,BERT-P,BERT-R,BERT-F1,METEOR,COMET,CHRF<10
23.886144281799314,55.75041295006719,52.00376641336519,72.89638251380468,0.8059682679176331,0.8215875649452209,0.8132726794481278,0.5114028286218693,0.7177945616841316,2.0
