cluster,BLEU,CHRF++,BERT-F1,COMET
1,21.35042727718881,49.96829572343436,0.8002492942308125,0.6908801143106661
0,23.302557075403655,51.76362284545092,0.8140939631882835,0.7115189406801673
2,28.036116110108303,55.05779382502436,0.8299500005585807,0.761941708624363
