BLEU,CHRF,CHRF++,TER,BERT-P,BERT-R,BERT-F1,METEOR,CHRF<10,COMET
26.756203271561212,57.15213575357332,53.466041977719094,66.0046939880845,0.80596524477005,0.8215842247009277,0.8132694363594055,0.5114028286218691,2,0.7177945616841316
