BLEU,CHRF,CHRF++,TER,BERT-P,BERT-R,BERT-F1,METEOR,COMET,CHRF<10
24.846901120904594,35.57234242468374,33.60095498369235,166.91486876126964,0.7518634614348412,0.7733477455377579,0.7603454273939133,0.4212466764182399,0.6548996555805207,19.0
