BLEU,CHRF,CHRF++,TER,BERT-P,BERT-R,BERT-F1,METEOR,CHRF<10,COMET
22.35017450409076,33.43467544404103,31.346940113081416,122.34185733512786,0.7518623471260071,0.7733443379402161,0.7603433728218079,0.42124667641824004,19,0.6548996555805207
