BLEU,CHRF,CHRF++,TER,BERT-P,BERT-R,BERT-F1,METEOR,COMET,CHRF<10
25.254009057726197,43.095247568572375,43.15510592894339,256.0212481962482,0.733371190726757,0.8021248549222946,0.7637910839915275,0.43272702218383385,0.6598582580685616,10.0
