BLEU,CHRF,CHRF++,TER,BERT-P,BERT-R,BERT-F1,METEOR,CHRF<10,COMET
15.351299257892654,38.60576353968564,38.12436629495694,166.0952380952381,0.7333734035491943,0.8021349310874939,0.7637964487075806,0.43272702218383385,10,0.6598582580685616
