BLEU,CHRF,CHRF++,TER,BERT-P,BERT-R,BERT-F1,METEOR,CHRF<10,COMET
13.39535407665655,43.62150992881152,41.88432081213796,153.39805825242718,0.8169891238212585,0.8910749554634094,0.8513556718826294,0.44979315434665457,7,0.7124088907241821
