BLEU,CHRF,CHRF++,TER,BERT-P,BERT-R,BERT-F1,METEOR,COMET,CHRF<10
23.2535902971548,41.23522312234876,41.08024862166492,298.4345593295593,0.7370852366089821,0.7988718712329864,0.764601816534996,0.41993200992459334,0.6710645085573197,12.0
