BLEU,CHRF,CHRF++,TER,BERT-P,BERT-R,BERT-F1,METEOR,COMET,CHRF<10
29.234800857087095,45.91288689309894,45.730817656162756,214.0335109335109,0.8170023220777511,0.8910846149921418,0.8513677251338959,0.4497931543466547,0.7124088907241821,7.0
