BLEU,CHRF,CHRF++,TER,BERT-P,BERT-R,BERT-F1,METEOR,CHRF<10,COMET
14.238497883746243,39.36076927355598,39.365446472815655,189.29889298892988,0.7370803356170654,0.7988651394844055,0.764596164226532,0.4199320099245931,12,0.6710645085573197
