BLEU,CHRF,CHRF++,TER,BERT-P,BERT-R,BERT-F1,METEOR,COMET,CHRF<10
23.067038390926406,41.38723591565272,41.16041178399442,228.88676767676762,0.750924271941185,0.8006629145145416,0.7728435090184211,0.41337830191122854,0.6756441001594067,9.0
