BLEU,CHRF,CHRF++,TER,BERT-P,BERT-R,BERT-F1,METEOR,CHRF<10,COMET
15.762219185770386,38.70214285645389,38.75175883967897,153.13653136531366,0.7509253025054932,0.8006646633148193,0.7728446125984192,0.41337830191122843,9,0.6756441001594067
