BLEU,CHRF,CHRF++,TER,BERT-P,BERT-R,BERT-F1,METEOR,CHRF<10,COMET
16.051546212596865,37.349749097535785,38.11067675818713,155.83173996175907,0.7380804419517517,0.7996518015861511,0.765727698802948,0.16134058367180137,28,0.6305110251903534
