BLEU,CHRF,CHRF++,TER,BERT-P,BERT-R,BERT-F1,METEOR,COMET,CHRF<10
18.401825301185156,33.91152566079477,34.15544873149609,221.3413641913642,0.738087365925312,0.7996632891893387,0.7657361695170403,0.16134058367180137,0.6305110251903534,28.0
