BLEU,CHRF,CHRF++,TER,BERT-P,BERT-R,BERT-F1,METEOR,CHRF<10,COMET
11.71726913818897,37.294800896459634,36.1914601384775,186.59217877094972,0.7374536991119385,0.7983853220939636,0.764950692653656,0.39611095775137,13,0.6682144811749459
