BLEU,CHRF,CHRF++,TER,BERT-P,BERT-R,BERT-F1,METEOR,COMET,CHRF<10
21.262670766304392,40.72999309308667,39.926171486932205,255.805532391585,0.7374578011035919,0.7983838051557541,0.7649522507190705,0.3961109577513699,0.6682144811749459,13.0
