BLEU,CHRF,CHRF++,TER,BERT-P,BERT-R,BERT-F1,METEOR,CHRF<10,COMET
22.367769792221996,42.578607349125754,42.50151161795428,149.23954372623572,0.7556427717208862,0.8075262308120728,0.7789897918701172,0.5664604099838173,15,0.6918610122799873
