BLEU,CHRF,CHRF++,TER,BERT-P,BERT-R,BERT-F1,METEOR,COMET,CHRF<10
31.098581387717687,43.99315947426777,43.69406888120066,209.40351396969038,0.7556495562195777,0.807525737285614,0.7789933580160141,0.5664604099838175,0.6918610122799873,15.0
