BLEU,CHRF,CHRF++,TER,BERT-P,BERT-R,BERT-F1,METEOR,CHRF<10,COMET
16.243231127674548,38.22661921915612,38.64063007039349,158.88888888888889,0.7566989660263062,0.8142410516738892,0.7824086546897888,0.426846646948038,12,0.6910785463452339
