BLEU,CHRF,CHRF++,TER,BERT-P,BERT-R,BERT-F1,METEOR,COMET,CHRF<10
26.52270154316001,41.92838509545474,42.139955199731155,237.55117993117995,0.7567089340090751,0.8142476969957352,0.7824174007773399,0.4268466469480381,0.6910785463452339,12.0
