BLEU,CHRF,CHRF++,TER,BERT-P,BERT-R,BERT-F1,METEOR,CHRF<10,COMET
11.058664720933894,35.84273737246531,35.669815497081956,165.78947368421052,0.7403918504714966,0.7993036508560181,0.7662787437438965,0.3919201357730325,15,0.6647749352455139
