BLEU,CHRF,CHRF++,TER,BERT-P,BERT-R,BERT-F1,METEOR,COMET,CHRF<10
19.617368354654502,36.317298725229215,36.1158357780932,247.03134781884776,0.7403986763954162,0.7993184220790863,0.766289119720459,0.3919201357730325,0.6647749352455139,15.0
