BLEU,CHRF,CHRF++,TER,BERT-P,BERT-R,BERT-F1,METEOR,CHRF<10,COMET
11.583619919462505,38.10506701244083,38.173509647552365,174.07407407407408,0.6390061378479004,0.7440321445465088,0.6785752177238464,0.39987034053930925,16,0.6811608591675758
