BLEU,CHRF,CHRF++,TER,BERT-P,BERT-R,BERT-F1,METEOR,COMET,CHRF<10
24.684259165787836,41.38150789546031,41.353153528920444,224.3453424026954,0.639004233777523,0.744029067158699,0.6785726684331894,0.39987034053930937,0.6811608591675758,16.0
