BLEU,CHRF,CHRF++,TER,BERT-P,BERT-R,BERT-F1,METEOR,CHRF<10,COMET
12.72731252243424,38.74533387933944,38.02906220865424,147.36842105263156,0.7446589469909668,0.8077012896537781,0.7719457745552063,0.4244472063232073,14,0.6720620489120483
