BLEU,CHRF,CHRF++,TER,BERT-P,BERT-R,BERT-F1,METEOR,COMET,CHRF<10
21.875930051572077,39.71534350200258,39.70153867327702,211.4072954822955,0.7446625980734826,0.8077044272422791,0.7719494158029556,0.4244472063232074,0.6720620489120483,14.0
