BLEU,CHRF,CHRF++,TER,BERT-P,BERT-R,BERT-F1,METEOR,CHRF<10,COMET
11.354759181086902,42.38817451175373,42.06716937311652,212.35392320534223,0.706533670425415,0.8029682636260986,0.7475854754447937,0.43050524908492016,14,0.6912192779779435
