BLEU,CHRF,CHRF++,TER,BERT-P,BERT-R,BERT-F1,METEOR,COMET,CHRF<10
25.332076419808235,43.92532165801332,44.27523358588035,296.9942599067599,0.7065305534005165,0.802960033416748,0.7475800883769989,0.4305052490849201,0.6912192779779435,14.0
