cluster,BLEU,CHRF++,BERT-F1,COMET
0,12.303356756882863,26.933964411083387,0.7343129886521235,0.5253138947108436
1,20.68900082436613,40.029431620394746,0.7919010135231827,0.6414542625505456
2,12.127599032862408,25.206281652574038,0.6992723567753422,0.5015459498580621
