Method,2_BLEU,2_CHRF++,2_BERT-F1,2_COMET,2_DA-Score,0_BLEU,0_CHRF++,0_BERT-F1,0_COMET,0_DA-Score,1_BLEU,1_CHRF++,1_BERT-F1,1_COMET,1_DA-Score
qwenvl-max,12.127599032862408,25.20628165257404,0.6992723567753422,0.5015459498580621,0.43747696261808294,12.303356756882865,26.933964411083387,0.7343129886521235,0.5253138947108436,0.42401640499615867,20.68900082436613,40.029431620394746,0.7919010135231827,0.6414542625505456,0.5684619963471353
