cluster,BLEU,CHRF++,BERT-F1,COMET
1,26.32825749227789,33.728061897082476,0.7595811861532705,0.5952496053995909
0,9.440629099337363,20.540772411751835,0.6983037074406941,0.49723260866271124
2,16.051849917553998,29.146815386499924,0.6943609352622714,0.5241402110883168
