cluster,BLEU,CHRF++,BERT-F1,COMET
1,18.746251242895877,44.89153267464687,0.8066940484223543,0.6656045339725636
0,14.416445865591575,26.540481173611795,0.7117905325359768,0.5012557420465681
2,14.09136373188349,26.21165405432013,0.6764448508620262,0.4973630319748606
