cluster,BLEU,CHRF++,BERT-F1,COMET
1,19.54670437180635,45.63308934652426,0.8612039045051292,0.6962619357638888
0,21.55780640524501,41.71889260230715,0.8630805691083272,0.5973409917619493
2,15.86049171168268,32.499569688671734,0.849416081394468,0.5550624036363193
