BLEU,CHRF,CHRF++,TER,BERT-P,BERT-R,BERT-F1,METEOR,CHRF<10,COMET
6.72830010136751,30.79576492437791,31.06074867030355,248.60000000000002,0.6936804056167603,0.7791237831115723,0.7319730520248413,0.3769285221307633,20,0.5647113093733788
