BLEU,CHRF,CHRF++,TER,BERT-P,BERT-R,BERT-F1,METEOR,COMET,CHRF<10
19.41956074201912,39.767445954272844,40.19431530742784,393.14807137307145,0.8316397219896317,0.8886400139331818,0.8587478131055832,0.42507550387896764,0.6122116419672966,14.0
