cluster,BLEU,CHRF++,BERT-F1,COMET
1,17.372752588923447,43.143429721637524,0.7993994664262842,0.6729999714427524
0,16.03246380403616,31.23042304461288,0.7323308693038093,0.5557436413235135
2,11.550159813629886,22.533614059567697,0.6663590233240809,0.4747024231723377
