cluster,BLEU,CHRF++,BERT-F1,COMET
1,9.730865479535323,27.44406724365588,0.7477763184794674,0.5270838351161392
0,5.106821883341803,20.293632940515973,0.7134174982706706,0.45727766354878746
2,6.372192292788394,17.822007507414245,0.6637678987213543,0.4419294648936817
