BLEU,CHRF,CHRF++,TER,BERT-P,BERT-R,BERT-F1,METEOR,COMET,CHRF<10
6.7096173689590985,21.462602172574762,21.53219508109526,458.60480352980346,0.6756672859191895,0.7506891804933548,0.7087924918532371,0.046088893166101784,0.4718278342485428,31.0
