cluster,BLEU,CHRF++,BERT-F1,COMET
1,33.98474774899603,47.19044017612933,0.793794055779775,0.6729921996593475
0,10.23919920147498,24.145704225218473,0.7115410063001845,0.5253554430272844
2,12.453590668763837,28.525676967959054,0.6800818453942027,0.5224525268588748
