cluster,BLEU,CHRF++,BERT-F1,COMET
1,19.11342684612798,38.17540028308685,0.7748581148959972,0.6599877564995377
0,9.330131039153155,24.06784447956559,0.7097267376052009,0.5429911726050907
2,8.513545093734573,19.704633903585492,0.6644758624689919,0.4951715873820441
