BLEU,CHRF,CHRF++,TER,BERT-P,BERT-R,BERT-F1,METEOR,CHRF<10,COMET
28.662369532768317,53.697152613083276,51.00684661147024,94.56066945606695,0.8133800029754639,0.8386868238449097,0.8242337703704834,0.47168343104013916,14,0.7066444504261017
