BLEU,CHRF,CHRF++,TER,BERT-P,BERT-R,BERT-F1,METEOR,COMET,CHRF<10
27.614019915398735,34.24348306792813,34.52826128479197,160.42178377178377,0.7833057773113251,0.819971809387207,0.7988625514507294,0.4453028476022577,0.6847301200032234,32.0
