BLEU,CHRF,CHRF++,TER,BERT-P,BERT-R,BERT-F1,METEOR,COMET,CHRF<10
32.66245247436513,52.93521908661367,50.39730639448522,132.82914730197342,0.8142940992116928,0.8404131036996841,0.8249821090698242,0.47112539174850876,0.7050396800041199,12.0
