BLEU,CHRF,CHRF++,TER,BERT-P,BERT-R,BERT-F1,METEOR,COMET,CHRF<10
25.05510397164705,46.19056850083832,42.78154943520387,126.2033424908425,0.7992346572875977,0.8337367635965347,0.8141616880893707,0.450431010364454,0.7137751209735871,14.0
