BLEU,CHRF,CHRF++,TER,BERT-P,BERT-R,BERT-F1,METEOR,COMET,CHRF<10
23.905008838523614,39.303275334808774,37.25576105975975,217.81442665521612,0.7725109177827835,0.798254371881485,0.7825647163391113,0.375254621063269,0.6303870311379433,16.0
