BLEU,CHRF,CHRF++,TER,BERT-P,BERT-R,BERT-F1,METEOR,CHRF<10,COMET
18.367627393819088,36.06939406982334,33.79087720394742,124.69512195121952,0.7725102305412292,0.7982499599456787,0.7825619578361511,0.3752546210632691,16,0.6303870311379433
