BLEU,CHRF,CHRF++,TER,BERT-P,BERT-R,BERT-F1,METEOR,CHRF<10,COMET
12.880180050036564,41.72360674891964,40.474356345898784,133.83742911153118,0.7644043564796448,0.812489926815033,0.7847052216529846,0.36972569793220345,12,0.6612681922316551
