BLEU,CHRF,CHRF++,TER,BERT-P,BERT-R,BERT-F1,METEOR,COMET,CHRF<10
24.0398369180269,42.37938557816461,40.75506058355733,223.43292613818932,0.76441649466753,0.812504511475563,0.7847181883454323,0.3697256979322033,0.6612681922316551,12.0
