BLEU,CHRF,CHRF++,TER,BERT-P,BERT-R,BERT-F1,METEOR,COMET,CHRF<10
33.44410186031403,54.258162009692775,52.58485477347274,200.23010206168104,0.8035431385040284,0.8554372656345367,0.8252908784151077,0.48933195958253584,0.724306834936142,9.0
