BLEU,CHRF,CHRF++,TER,BERT-P,BERT-R,BERT-F1,METEOR,CHRF<10,COMET
19.583283351657553,53.165017580579374,51.92950143682111,119.1806331471136,0.8035433292388916,0.8554313778877258,0.8252882957458496,0.4893319595825358,9,0.724306834936142
