BLEU,CHRF,CHRF++,TER,BERT-P,BERT-R,BERT-F1,METEOR,COMET,CHRF<10
36.32097724102717,53.049416192115096,51.64716110070074,208.94881390539285,0.8711843305826187,0.9063309812545777,0.8874936473369598,0.5098807370945898,0.7263830772042275,8.0
