BLEU,CHRF,CHRF++,TER,BERT-P,BERT-R,BERT-F1,METEOR,CHRF<10,COMET
23.609628002953105,50.41641896208593,50.081644916763764,117.26078799249531,0.8711643218994141,0.9063299298286438,0.8874825835227966,0.5098807370945897,8,0.7263830772042275
