BLEU,CHRF,CHRF++,TER,BERT-P,BERT-R,BERT-F1,METEOR,CHRF<10,COMET
15.48742454187557,45.530216552489776,43.95759321690505,140.0369003690037,0.7867083549499512,0.8366015553474426,0.807741641998291,0.41031244034381875,14,0.6514079651236534
