BLEU,CHRF,CHRF++,TER,BERT-P,BERT-R,BERT-F1,METEOR,COMET,CHRF<10
27.398013661514025,45.99911802860313,43.7418352593839,231.54130197288094,0.7867029830813408,0.8365967756509781,0.807736701965332,0.41031244034381886,0.6514079651236534,14.0
