BLEU,CHRF,CHRF++,TER,BERT-P,BERT-R,BERT-F1,METEOR,COMET,CHRF<10
15.161702251445691,29.039314192534185,27.439943568868543,205.93589743589746,0.7420209109783172,0.7764133656024933,0.7569515019655227,0.09768781973259118,0.5153139486908913,21.0
