BLEU,CHRF,CHRF++,TER,BERT-P,BERT-R,BERT-F1,METEOR,CHRF<10,COMET
11.21913382594896,30.073152170113314,29.305730974401882,135.08137432188065,0.7420136332511902,0.7764053344726562,0.7569438219070435,0.09768781973259118,21,0.5153139486908913
