BLEU,CHRF,CHRF++,TER,BERT-P,BERT-R,BERT-F1,METEOR,COMET,CHRF<10
29.406559064481975,48.79652623400791,46.62250457300372,212.50246960641695,0.7893165895342826,0.8422030127048492,0.8118005919456482,0.4461494527403323,0.6996933633089065,8.0
