BLEU,CHRF,CHRF++,TER,BERT-P,BERT-R,BERT-F1,METEOR,CHRF<10,COMET
17.958852519378524,48.17209689723212,47.05879252877288,126.45403377110694,0.7893198132514954,0.8421963453292847,0.8117996454238892,0.44614945274033224,8,0.6996933633089065
