BLEU,CHRF,CHRF++,TER,BERT-P,BERT-R,BERT-F1,METEOR,COMET,CHRF<10
20.479912714282545,27.708444462545085,27.09910111130135,242.47331002331003,0.7214343124628066,0.7838227534294129,0.748712654709816,0.3828077475863933,0.6114976632595063,35.0
