BLEU,CHRF,CHRF++,TER,BERT-P,BERT-R,BERT-F1,METEOR,CHRF<10,COMET
17.968419084775867,31.936722985456523,31.380839000123377,145.3125,0.721413791179657,0.7838038802146912,0.7486934065818787,0.3828077475863934,35,0.6114976632595063
