BLEU,CHRF,CHRF++,TER,BERT-P,BERT-R,BERT-F1,METEOR,CHRF<10,COMET
16.715032368603815,30.5810631683034,30.274328122701704,154.4378698224852,0.7321367859840393,0.776828408241272,0.7517425417900085,0.342532106812686,45,0.5790218466520309
