BLEU,CHRF,CHRF++,TER,BERT-P,BERT-R,BERT-F1,METEOR,COMET,CHRF<10
19.463702461453728,25.802577917501193,25.33693225830323,241.5808752650858,0.7321297466754914,0.7768238860368729,0.7517361891269684,0.34253210681268614,0.5790218466520309,45.0
