BLEU,CHRF,CHRF++,TER,BERT-P,BERT-R,BERT-F1,METEOR,COMET,CHRF<10
13.931295087910645,20.762864715358322,20.263505492417654,230.1270263362369,0.6861111140251159,0.7277284592390061,0.7020051002502441,0.3277734030242784,0.5370848941802978,47.0
