BLEU,CHRF,CHRF++,TER,BERT-P,BERT-R,BERT-F1,METEOR,CHRF<10,COMET
14.867692229877377,21.897731801985547,22.465256221931615,128.79019908116388,0.6861168146133423,0.72771817445755,0.7020037770271301,0.3277734030242783,47,0.5370848941802978
