BLEU,CHRF,CHRF++,TER,BERT-P,BERT-R,BERT-F1,METEOR,COMET,CHRF<10
27.910131807591043,43.706766854132894,42.34865221715781,225.7754564149301,0.6170649403333663,0.7165817666053772,0.6567153105139732,0.37602837982419746,0.6724292021989823,13.0
