BLEU,CHRF,CHRF++,TER,BERT-P,BERT-R,BERT-F1,METEOR,COMET,CHRF<10
21.01611902418537,33.45664479607671,31.862475542840414,191.7622485701433,0.7515924233198166,0.7890987086296082,0.7671059560775757,0.43612004459429116,0.6185360768437386,30.0
