BLEU,CHRF,CHRF++,TER,BERT-P,BERT-R,BERT-F1,METEOR,CHRF<10,COMET
16.269681949585802,33.65024740330122,32.92187848638488,122.44488977955912,0.751575767993927,0.7890776991844177,0.7670876979827881,0.4361200445942911,30,0.6185360768437386
