BLEU,CHRF,CHRF++,TER,BERT-P,BERT-R,BERT-F1,METEOR,CHRF<10,COMET
14.725782594641611,40.89676876247727,40.07695975802963,129.8651252408478,0.6170637607574463,0.7165799736976624,0.6567138433456421,0.3760283798241975,13,0.6724292021989823
