BLEU,CHRF,CHRF++,TER,BERT-P,BERT-R,BERT-F1,METEOR,COMET,CHRF<10
28.780974595204224,37.99348891303021,37.087202231222754,193.38991235372814,0.72203354626894,0.7991384357213974,0.7535491073131562,0.4619370944862351,0.6650589093565941,18.0
