BLEU,CHRF,CHRF++,TER,BERT-P,BERT-R,BERT-F1,METEOR,CHRF<10,COMET
20.487186888539554,38.605141061661655,38.628156209875186,129.80392156862746,0.7220342755317688,0.7991340160369873,0.7535474896430969,0.4619370944862351,18,0.6650589093565941
