BLEU,CHRF,CHRF++,TER,BERT-P,BERT-R,BERT-F1,METEOR,COMET,CHRF<10
15.207589296076208,30.258832599416152,29.79064716154642,423.1564088689089,0.6789605554938316,0.7533472248911858,0.7119495213031769,0.3388203667582157,0.5494377963244915,31.0
