BLEU,CHRF,CHRF++,TER,BERT-P,BERT-R,BERT-F1,METEOR,COMET,CHRF<10
18.378692254987392,31.167915012500018,31.1911769254034,274.8446414696415,0.8007747548818588,0.8645355814695358,0.8306723088026047,0.36423397777018046,0.5895642518997193,33.0
