BLEU,CHRF,CHRF++,TER,BERT-P,BERT-R,BERT-F1,METEOR,CHRF<10,COMET
6.776332008952653,30.32786147453141,29.85854804156518,282.8,0.678971529006958,0.7533580660820007,0.7119601964950562,0.3388203667582156,31,0.5494377963244915
