BLEU,CHRF,CHRF++,TER,BERT-P,BERT-R,BERT-F1,METEOR,CHRF<10,COMET
8.180177632968025,30.43271167034172,30.620604647022837,239.87975951903806,0.687388002872467,0.7605858445167542,0.7199090719223022,0.3550591488914891,26,0.5572880938649177
