BLEU,CHRF,CHRF++,TER,BERT-P,BERT-R,BERT-F1,METEOR,COMET,CHRF<10
14.834848850766022,30.568604500343852,30.382980215406082,361.56554140304144,0.6873849654197692,0.7605911153554916,0.7199089181423187,0.35505914889148926,0.5572880938649177,26.0
