BLEU,CHRF,CHRF++,TER,BERT-P,BERT-R,BERT-F1,METEOR,COMET,CHRF<10
17.327523275227993,32.550012140087695,32.53458974971199,350.1029956154956,0.6912333533167839,0.7594944751262664,0.7216285979747772,0.3756481866088376,0.5679734379053116,32.0
