BLEU,CHRF,CHRF++,TER,BERT-P,BERT-R,BERT-F1,METEOR,CHRF<10,COMET
8.834414467008054,32.760025992245815,32.949246380984796,242.65593561368212,0.6912288069725037,0.7594936490058899,0.7216254472732544,0.3756481866088376,32,0.5679734379053116
