BLEU,CHRF,CHRF++,TER,BERT-P,BERT-R,BERT-F1,METEOR,CHRF<10,COMET
16.85888365245073,37.06240469442899,37.1898006104821,291.2681912681913,0.7036388516426086,0.7677100896835327,0.7320687770843506,0.40015259543472737,31,0.5765421235561371
