BLEU,CHRF,CHRF++,TER,BERT-P,BERT-R,BERT-F1,METEOR,COMET,CHRF<10
19.3160660390934,31.336128946573744,30.317202401045485,333.5399184149184,0.7022095420956611,0.7602193588018418,0.7280217283964157,0.38816684975711185,0.555606368035078,38.0
