BLEU,CHRF,CHRF++,TER,BERT-P,BERT-R,BERT-F1,METEOR,CHRF<10,COMET
17.530434098895213,36.91589936476405,35.06350296791432,212.60162601626016,0.7022059559822083,0.7602152824401855,0.7280177474021912,0.38816684975711185,38,0.555606368035078
