BLEU,CHRF,CHRF++,TER,BERT-P,BERT-R,BERT-F1,METEOR,COMET,CHRF<10
17.390005886022312,32.645561745426,32.26084928890429,319.3338924963925,0.7006161385774612,0.7655083876848221,0.7297135552763939,0.35277125454522595,0.5770557683706283,33.0
