BLEU,CHRF,CHRF++,TER,BERT-P,BERT-R,BERT-F1,METEOR,CHRF<10,COMET
9.45605926528617,32.72278399728218,32.51849841472519,213.85542168674698,0.700612485408783,0.765505313873291,0.7297102212905884,0.35277125454522584,33,0.5770557683706283
