BLEU,CHRF,CHRF++,TER,BERT-P,BERT-R,BERT-F1,METEOR,COMET,CHRF<10
11.973693048088316,22.949075631506773,23.032100106424036,284.8414446664446,0.6722368758916855,0.7414547026157379,0.7026278525590897,0.30425139966046816,0.533170863687992,39.0
