BLEU,CHRF,CHRF++,TER,BERT-P,BERT-R,BERT-F1,METEOR,CHRF<10,COMET
16.458349395972032,32.3452456106373,32.561681913750085,190.12345679012347,0.6907703876495361,0.7614980340003967,0.7213030457496643,0.32290908114587824,27,0.5791459822654724
