BLEU,CHRF,CHRF++,TER,BERT-P,BERT-R,BERT-F1,METEOR,COMET,CHRF<10
17.356643526138203,31.60289147275711,31.67936544757567,392.13694361194365,0.5463196748495102,0.6903904178738594,0.601931264102459,0.35320948780343114,0.5841978815197945,26.0
