BLEU,CHRF,CHRF++,TER,BERT-P,BERT-R,BERT-F1,METEOR,CHRF<10,COMET
8.255894135662135,30.373545107302853,30.522944441716117,269.9788583509514,0.5463218092918396,0.6903906464576721,0.6019309759140015,0.35320948780343114,26,0.5841978815197945
