BLEU,CHRF,CHRF++,TER,BERT-P,BERT-R,BERT-F1,METEOR,COMET,CHRF<10
19.49662669516368,30.994582234810473,31.26151639099346,252.34098679098682,0.6907654711604119,0.7614903110265732,0.7212966865301133,0.32290908114587813,0.5791459822654724,27.0
