cluster,BLEU,CHRF++,BERT-F1,COMET
1,2.358089855803332,11.903219541819524,0.70865451191601,0.7118446646552337
0,2.4526750614431347,12.025718214349492,0.7188805569620693,0.7111635006525937
2,4.112137232239113,16.27388127732611,0.7484814375638962,0.7656178878886359
