BLEU,CHRF,CHRF++,TER,BERT-P,BERT-R,BERT-F1,METEOR,COMET,CHRF<10
2.881382091122884,15.926753383297166,13.168654376421559,102.0925756029278,0.733940669298172,0.7138227969408035,0.7232829064130784,0.06091004283857068,0.7266695713996887,38.0
