BLEU,CHRF,CHRF++,TER,BERT-P,BERT-R,BERT-F1,METEOR,CHRF<10,COMET
5.555605855666254,17.298746422958448,15.074345508641883,89.88033682966466,0.7339380383491516,0.7138230204582214,0.7232816815376282,0.060910042838570676,38,0.7266695713996887
