BLEU,CHRF,CHRF++,TER,BERT-P,BERT-R,BERT-F1,METEOR,CHRF<10,COMET
17.38786939775915,50.870911886594996,46.05550060336021,76.25133120340789,0.791717529296875,0.7955199480056763,0.793255627155304,0.3670737946765753,0,0.7497921985387802
