cluster,BLEU,CHRF++,BERT-F1,COMET
0,29.493546482875793,45.48039299970013,0.8300316289979585,0.7241598748430914
1,25.724562771475853,35.62353413450628,0.7936188897916249,0.6544230336855564
2,36.8659834557187,46.09919700633841,0.8190245202609471,0.716635438270899
