Method,2_BLEU,2_CHRF++,2_BERT-F1,2_COMET,2_DA-Score,0_BLEU,0_CHRF++,0_BERT-F1,0_COMET,0_DA-Score,1_BLEU,1_CHRF++,1_BERT-F1,1_COMET,1_DA-Score
qwenvl-max,36.8659834557187,46.09919700633841,0.8190245202609471,0.716635438270899,0.5982198747463283,29.493546482875796,45.48039299970013,0.8300316289979585,0.7241598748430914,0.5798480530680724,25.724562771475853,35.62353413450628,0.7936188897916249,0.6544230336855564,0.5218815298544905
