BLEU,CHRF,CHRF++,TER,BERT-P,BERT-R,BERT-F1,METEOR,COMET,CHRF<10
24.193438174363738,40.939355614479,37.862177067656724,162.50548340548343,0.7910827073454857,0.8121217364072799,0.7998821079730988,0.3517743908052534,0.6776800441741944,14.0
