cluster,BLEU,CHRF++,BERT-F1,COMET
1,18.742835023963927,33.9482591943503,0.7848313543945551,0.6573821399360895
0,24.965746826100528,40.41982198411927,0.8170690332140241,0.6839475291115897
2,28.659756295636658,38.94483766976633,0.7962482210361597,0.6907155278957251
