BLEU,CHRF,CHRF++,TER,BERT-P,BERT-R,BERT-F1,METEOR,CHRF<10,COMET
24.363482112115395,57.563915419159294,54.28036671401243,106.65280665280665,0.8232399821281433,0.8532851338386536,0.8362276554107666,0.5480883669568083,15,0.7467541220784187
