cluster,BLEU,CHRF++,BERT-F1,COMET
1,27.96190222617006,47.480388727577676,0.8128992523998022,0.6921845497563481
0,34.38616638363316,54.57423411096985,0.8318541714123318,0.7570741159575326
2,57.5004167639084,64.92808581728227,0.8634872924197804,0.7887246229431846
