BLEU,CHRF,CHRF++,TER,BERT-P,BERT-R,BERT-F1,METEOR,CHRF<10,COMET
30.4890358210381,62.29254086101626,59.16982912259107,78.83369330453563,0.8847389817237854,0.9072120189666748,0.8947874307632446,0.6240440024347356,9,0.7770579898357391
