cluster,BLEU,CHRF++,BERT-F1,COMET
1,40.636056044458364,44.47338134890984,0.9008609969168901,0.7259306712076068
0,39.055413674339604,64.28484316887815,0.8796453748430525,0.7934522637299128
2,54.38177377717711,65.38766185039046,0.904936615264777,0.809248129526774
