cluster,BLEU,CHRF++,BERT-F1,COMET
1,17.888145910204173,23.66361629583627,0.765320410951972,0.5328212417662144
0,17.08389683635607,34.19440933279827,0.7935306855610439,0.5673454454966954
2,16.333228910193675,27.96157889771628,0.7683119701616692,0.5071173147721724
