BLEU,CHRF,CHRF++,TER,BERT-P,BERT-R,BERT-F1,METEOR,CHRF<10,COMET
11.974170860734889,32.92755276989807,31.927478790691477,110.95890410958904,0.7607945799827576,0.7935133576393127,0.7761728167533875,0.1281231180175056,29,0.5364224171638489
