cluster,BLEU,CHRF++,BERT-F1,COMET
1,18.72829020803861,24.860378222839614,0.7562440447509289,0.6143529945984483
0,33.64495443192147,41.58805712808964,0.8425042935780116,0.7641823896339961
2,35.009183615025314,41.35346211304096,0.8156351898655747,0.7342501237536921
