BLEU,CHRF,CHRF++,TER,BERT-P,BERT-R,BERT-F1,METEOR,COMET,CHRF<10
21.740189954206883,41.27135978321464,38.19507830337675,150.15377155524214,0.7778095811605453,0.8097980409860611,0.7912373602390289,0.422622317901703,0.7076936879754067,19.0
