cluster,BLEU,CHRF++,BERT-F1,COMET
1,18.473188241677683,31.539983120005168,0.7723167091608047,0.6579305175691843
0,19.95062075615366,39.6466823994294,0.8160691704068865,0.7271492183208466
2,26.806219552170422,43.10892383386305,0.7832478898944277,0.7353142301241556
