BLEU,CHRF,CHRF++,TER,BERT-P,BERT-R,BERT-F1,METEOR,COMET,CHRF<10
38.116626964784295,42.83322327027301,42.69998378057588,133.67578570174982,0.7838397771120071,0.8216401517391205,0.7988875359296799,0.4621651467901309,0.7435595545172692,19.0
