cluster,BLEU,CHRF++,BERT-F1,COMET
1,37.64152174581814,43.39873203202511,0.7628594599664211,0.700359120965004
0,37.36802647162607,43.6547028736163,0.8295486739703587,0.7759681616510664
2,39.37130527591931,41.00982886230953,0.8013044631842411,0.7510781188805898
