BLEU,CHRF,CHRF++,TER,BERT-P,BERT-R,BERT-F1,METEOR,CHRF<10,COMET
26.80852885777967,51.09046470206321,47.07974716888897,90.1364113326338,0.7802674174308777,0.8008981943130493,0.7890139222145081,0.4188587398615221,22,0.6679809647798538
