BLEU,CHRF,CHRF++,TER,BERT-P,BERT-R,BERT-F1,METEOR,COMET,CHRF<10
21.942330192129006,41.70910892681195,38.6387422632696,169.14331238489908,0.7802721250057221,0.8009050035476685,0.7890191495418548,0.41885873986152206,0.6679809647798538,22.0
