BLEU,CHRF,CHRF++,TER,BERT-P,BERT-R,BERT-F1,METEOR,COMET,CHRF<10
29.60265780947033,56.06934078570891,52.29137791754208,147.05686154362982,0.8201093035936355,0.8530503243207932,0.8346794158220291,0.420857630883133,0.7291174125671387,6.0
