BLEU,CHRF,CHRF++,TER,BERT-P,BERT-R,BERT-F1,METEOR,CHRF<10,COMET
20.011681293970632,60.856710738088296,55.41184289592677,86.27450980392157,0.8201050758361816,0.8530486822128296,0.8346763849258423,0.4208576308831329,6,0.7291174125671387
