BLEU,CHRF,CHRF++,TER,BERT-P,BERT-R,BERT-F1,METEOR,CHRF<10,COMET
27.79427768844035,63.112784920381074,58.88098851162417,75.32051282051282,0.8251143097877502,0.8564170598983765,0.8390395641326904,0.49308552626635943,6,0.7343422266840934
