BLEU,CHRF,CHRF++,TER,BERT-P,BERT-R,BERT-F1,METEOR,COMET,CHRF<10
34.27644934351673,57.3890828517024,54.27700578247813,142.67094380697972,0.8251203608512878,0.8564232689142227,0.8390456253290176,0.4930855262663594,0.7343422266840934,6.0
