BLEU,CHRF,CHRF++,TER,BERT-P,BERT-R,BERT-F1,METEOR,CHRF<10,COMET
28.366250928478085,61.70683361668896,57.290134598465755,76.06382978723404,0.8217917084693909,0.8546643853187561,0.8364498615264893,0.4576416961264286,7,0.7210227748751641
