BLEU,CHRF,CHRF++,TER,BERT-P,BERT-R,BERT-F1,METEOR,COMET,CHRF<10
31.667126800232317,56.482935119803734,52.715532224546614,146.32666955851502,0.8217961484193802,0.8546707487106323,0.8364549082517624,0.4576416961264284,0.7210227748751641,7.0
