BLEU,CHRF,CHRF++,TER,BERT-P,BERT-R,BERT-F1,METEOR,CHRF<10,COMET
23.92612813790943,50.408570544970544,47.88010929163379,87.06140350877193,0.7754791378974915,0.8063415288925171,0.7896913886070251,0.16427100743140144,29,0.6069089752435685
