BLEU,CHRF,CHRF++,TER,BERT-P,BERT-R,BERT-F1,METEOR,COMET,CHRF<10
22.45326703066298,38.963754201673275,37.106452032356074,169.6274305088358,0.7754764759540558,0.8063403630256653,0.789689257144928,0.16427100743140147,0.6069089752435685,29.0
