BLEU,CHRF,CHRF++,TER,BERT-P,BERT-R,BERT-F1,METEOR,COMET,CHRF<10
28.6407174488582,54.37815871496461,50.6702462706619,162.47194494722234,0.8129225620627403,0.8448144119977951,0.8269194155931473,0.4369311975884852,0.7228553932905197,7.0
