BLEU,CHRF,CHRF++,TER,BERT-P,BERT-R,BERT-F1,METEOR,CHRF<10,COMET
21.907065368949848,59.0833339101486,54.290355889864195,81.56182212581345,0.8129225969314575,0.8448135256767273,0.8269190788269043,0.43693119758848525,7,0.7228553932905197
