BLEU,CHRF,CHRF++,TER,BERT-P,BERT-R,BERT-F1,METEOR,COMET,CHRF<10
27.83432834167396,41.71077322554318,38.03520006962644,152.46816093905437,0.7929078525304795,0.8180214673280716,0.8039396315813064,0.48584689075671583,0.7095512145757675,18.0
