BLEU,CHRF,CHRF++,TER,BERT-P,BERT-R,BERT-F1,METEOR,CHRF<10,COMET
23.929974282826628,43.2955919874569,39.057087746229676,81.16213683223992,0.7929018139839172,0.8180179595947266,0.8039348125457764,0.4858468907567156,18,0.7095512145757675
