BLEU,CHRF,CHRF++,TER,BERT-P,BERT-R,BERT-F1,METEOR,CHRF<10,COMET
32.05728983387793,46.0230885945484,44.11158254911399,87.0561282932417,0.7972795367240906,0.8230811357498169,0.8087480068206787,0.49047012035979765,20,0.7096947693824768
