BLEU,CHRF,CHRF++,TER,BERT-P,BERT-R,BERT-F1,METEOR,COMET,CHRF<10
30.014472178565658,39.923480078730854,38.74101244779302,169.38245235776844,0.797285186946392,0.8230817461013794,0.8087514984607697,0.49047012035979776,0.7096947693824768,20.0
