BLEU,CHRF,CHRF++,TER,BERT-P,BERT-R,BERT-F1,METEOR,CHRF<10,COMET
27.783928552854515,61.38377897161929,56.953571362374234,74.78632478632478,0.8169811964035034,0.8498930335044861,0.8316996693611145,0.4900715023736295,9,0.7303723698854446
