BLEU,CHRF,CHRF++,TER,BERT-P,BERT-R,BERT-F1,METEOR,COMET,CHRF<10
35.30969954664779,55.86336506516237,52.84356121993392,142.6500354426116,0.8169864648580552,0.8498986649513245,0.831705065369606,0.49007150237362956,0.7303723698854446,9.0
