BLEU,CHRF,CHRF++,TER,BERT-P,BERT-R,BERT-F1,METEOR,COMET,CHRF<10
26.048988108455415,44.072495934590535,41.44081751854556,153.60446578139926,0.7880418330430985,0.8185159784555435,0.8013275617361069,0.45948447293598504,0.708401376903057,21.0
