BLEU,CHRF,CHRF++,TER,BERT-P,BERT-R,BERT-F1,METEOR,CHRF<10,COMET
24.684930568742754,55.00124927918719,51.35975100859217,83.54143019296254,0.7880421280860901,0.8185189962387085,0.801329493522644,0.459484472935985,21,0.708401376903057
