BLEU,CHRF,CHRF++,TER,BERT-P,BERT-R,BERT-F1,METEOR,CHRF<10,COMET
25.853326086087524,61.64548113864726,57.60733648388564,79.74828375286042,0.7212763428688049,0.7803556323051453,0.745745062828064,0.4593055500313301,9,0.74390788346529
