BLEU,CHRF,CHRF++,TER,BERT-P,BERT-R,BERT-F1,METEOR,CHRF<10,COMET
21.20921596886148,51.95721067241811,46.69124539816751,95.88477366255144,0.7840696573257446,0.8174304366111755,0.7988542318344116,0.4678694408267941,17,0.6994495478272438
