BLEU,CHRF,CHRF++,TER,BERT-P,BERT-R,BERT-F1,METEOR,COMET,CHRF<10
31.471093110043366,55.341379722815624,52.714026525673745,146.3335623773454,0.7212766993045807,0.7803567898273468,0.7457459640502929,0.4593055500313301,0.74390788346529,9.0
