BLEU,CHRF,CHRF++,TER,BERT-P,BERT-R,BERT-F1,METEOR,COMET,CHRF<10
24.228900442834956,44.936222331547704,41.33857516926609,155.43935837872965,0.7840695798397064,0.8174282836914063,0.7988531410694122,0.4678694408267941,0.6994495478272438,17.0
