BLEU,CHRF,CHRF++,TER,BERT-P,BERT-R,BERT-F1,METEOR,CHRF<10,COMET
30.732099233191672,42.26509680858229,39.22066500122852,84.38266557645136,0.7710925340652466,0.8161744475364685,0.7904586791992188,0.46032474152641784,14,0.717491397857666
