BLEU,CHRF,CHRF++,TER,BERT-P,BERT-R,BERT-F1,METEOR,COMET,CHRF<10
33.6558948238699,44.0443465681822,41.60509989030102,193.92579106355143,0.7710957229137421,0.8161796677112579,0.7904629158973694,0.4603247415264179,0.717491397857666,14.0
