BLEU,CHRF,CHRF++,TER,BERT-P,BERT-R,BERT-F1,METEOR,COMET,CHRF<10
42.64444331633357,52.18073630137317,51.25331500999713,145.82287128076604,0.7967823791503906,0.8279867839813232,0.8099757468700409,0.5314113516946485,0.7084795141220093,10.0
