BLEU,CHRF,CHRF++,TER,BERT-P,BERT-R,BERT-F1,METEOR,COMET,CHRF<10
43.63165897543669,60.46985179409433,59.088854936917194,147.16088341483078,0.826587300002575,0.8627065670490265,0.8413813334703445,0.5609730658805765,0.754997233748436,10.0
