BLEU,CHRF,CHRF++,TER,BERT-P,BERT-R,BERT-F1,METEOR,COMET,CHRF<10
14.09312748901977,27.47365583551029,26.55363085386128,175.3881118881119,0.7517820745706558,0.7828186488151551,0.7655859023332596,0.08982542342816491,0.5380652660131454,25.0
