BLEU,CHRF,CHRF++,TER,BERT-P,BERT-R,BERT-F1,METEOR,COMET,CHRF<10
10.831419042099428,36.574744416024245,34.20379939353967,106.46023725523554,0.7509702235460282,0.7594716280698777,0.754758939743042,0.3250893031064998,0.5358791783452034,9.0
