cluster,BLEU,CHRF++,BERT-F1,COMET
1,11.517857159937833,35.38223690870398,0.7723057458275243,0.5327745409388291
0,8.968681149159751,30.288694287007683,0.7298182704869438,0.49322085257838755
2,12.161720466459768,37.358547538034095,0.7612305155822209,0.5918920103992734
