BLEU,CHRF,CHRF++,TER,BERT-P,BERT-R,BERT-F1,METEOR,CHRF<10,COMET
12.064211208122433,37.3920580062811,35.11162567289035,101.92026335040234,0.7509673833847046,0.7594691514968872,0.7547562122344971,0.3250893031064998,9,0.5358791783452034
