BLEU,CHRF,CHRF++,TER,BERT-P,BERT-R,BERT-F1,METEOR,COMET,CHRF<10
22.121074153670563,35.77298689134116,33.34994865050689,139.15482578996512,0.7667094725370407,0.7607784563302994,0.761756819486618,0.34254372626226903,0.6318729248642921,24.0
