BLEU,CHRF,CHRF++,TER,BERT-P,BERT-R,BERT-F1,METEOR,CHRF<10,COMET
21.729436995295117,35.08520926559227,33.71612098952194,86.87150837988827,0.7667022943496704,0.7607710361480713,0.7617494463920593,0.34254372626226903,24,0.6318729248642921
