BLEU,CHRF,CHRF++,TER,BERT-P,BERT-R,BERT-F1,METEOR,CHRF<10,COMET
41.05556135739562,68.3408611082692,67.7589904409684,58.366533864541836,0.9089703559875488,0.9323310852050781,0.9197953939437866,0.6747524456901087,4,0.8219559302926064
