BLEU,CHRF,CHRF++,TER,BERT-P,BERT-R,BERT-F1,METEOR,COMET,CHRF<10
36.61445401088188,46.993625952107266,45.97542324704844,138.9091576552103,0.8031725662946702,0.8404131782054901,0.8200405764579773,0.5505063068626567,0.7300047907233238,26.0
