BLEU,CHRF,CHRF++,TER,BERT-P,BERT-R,BERT-F1,METEOR,COMET,CHRF<10
35.92381984977819,43.78813771132557,42.98938236016069,181.82333587465166,0.7523355883359909,0.813267713189125,0.7779207152128219,0.4984613353268416,0.741252811551094,24.0
