BLEU,CHRF,CHRF++,TER,BERT-P,BERT-R,BERT-F1,METEOR,CHRF<10,COMET
16.25629792062385,32.8095719152258,32.54612712245859,126.20904836193448,0.7784457206726074,0.8096157312393188,0.7918480634689331,0.39330557241443936,17,0.6794027411937713
