BLEU,CHRF,CHRF++,TER,BERT-P,BERT-R,BERT-F1,METEOR,COMET,CHRF<10
29.454283375732317,41.18408278795665,39.55700160822995,221.47463214889683,0.7784322863817215,0.8096049964427948,0.7918361175060272,0.39330557241443925,0.6794027411937713,17.0
