BLEU,CHRF,CHRF++,TER,BERT-P,BERT-R,BERT-F1,METEOR,CHRF<10,COMET
10.95829637663948,43.923248095382576,43.11323644181233,203.9832285115304,0.8039344549179077,0.8545053005218506,0.826678454875946,0.47369534432268884,13,0.7249360749125481
