BLEU,CHRF,CHRF++,TER,BERT-P,BERT-R,BERT-F1,METEOR,COMET,CHRF<10
35.49252380044166,52.809540510962634,51.57983592841969,264.101461038961,0.8039348196983337,0.8545064914226532,0.8266794401407241,0.473695344322689,0.7249360749125481,13.0
