BLEU,CHRF,CHRF++,TER,BERT-P,BERT-R,BERT-F1,METEOR,COMET,CHRF<10
41.80514624661168,60.292092309557745,59.08519135180375,234.0611111111111,0.8309217530488968,0.895823125243187,0.8614154905080795,0.5634573559161712,0.7818944779038429,6.0
