BLEU,CHRF,CHRF++,TER,BERT-P,BERT-R,BERT-F1,METEOR,CHRF<10,COMET
17.190172692871904,52.90860129595652,52.586001907434834,140.12345679012347,0.8309178352355957,0.8958208560943604,0.8614124059677124,0.5634573559161712,6,0.7818944779038429
