BLEU,CHRF,CHRF++,TER,BERT-P,BERT-R,BERT-F1,METEOR,CHRF<10,COMET
16.905443374492414,52.62081235774835,51.68179214508135,138.7550200803213,0.8343974351882935,0.8812819123268127,0.8553516864776611,0.5382559623715465,7,0.7562945225834846
