BLEU,CHRF,CHRF++,TER,BERT-P,BERT-R,BERT-F1,METEOR,COMET,CHRF<10
43.45339820705414,62.10385201018078,60.58648450589474,190.09300976800975,0.8343979984521865,0.8812832754850387,0.8553526932001114,0.5382559623715466,0.7562945225834846,7.0
