BLEU,CHRF,CHRF++,TER,BERT-P,BERT-R,BERT-F1,METEOR,COMET,CHRF<10
26.256240540903864,40.42162899875606,39.79219827095378,296.7983585858586,0.7835613840818405,0.825499745607376,0.8025061422586441,0.09608493954633865,0.6326478996872902,16.0
