BLEU,CHRF,CHRF++,TER,BERT-P,BERT-R,BERT-F1,METEOR,CHRF<10,COMET
11.435260940225303,37.12133036381318,37.54837062288835,178.10650887573965,0.783547043800354,0.8254817128181458,0.8024899959564209,0.09608493954633866,16,0.6326478996872902
