BLEU,CHRF,CHRF++,TER,BERT-P,BERT-R,BERT-F1,METEOR,COMET,CHRF<10
38.319872845960546,54.286179481064245,52.84703065502007,282.42676628926637,0.8250620043277741,0.8624345469474792,0.8414497226476669,0.4722524694004961,0.7490688377618789,12.0
