BLEU,CHRF,CHRF++,TER,BERT-P,BERT-R,BERT-F1,METEOR,CHRF<10,COMET
13.709700689166086,46.293318090037516,45.48612525059828,158.53174603174602,0.8250476121902466,0.8624163866043091,0.841433584690094,0.47225246940049603,12,0.7490688377618789
