BLEU,CHRF,CHRF++,TER,BERT-P,BERT-R,BERT-F1,METEOR,CHRF<10,COMET
13.16816894931412,31.97494408028193,32.776655942964354,205.9308072487644,0.7617070078849792,0.8235525488853455,0.7891747355461121,0.4803364260952042,22,0.695409114062786
