BLEU,CHRF,CHRF++,TER,BERT-P,BERT-R,BERT-F1,METEOR,COMET,CHRF<10
32.54142358741066,41.44810958109621,41.19580523723205,303.1153431020304,0.7617125129699707,0.8235574215650558,0.7891795682907105,0.48033642609520427,0.695409114062786,22.0
