BLEU,CHRF,CHRF++,TER,BERT-P,BERT-R,BERT-F1,METEOR,CHRF<10,COMET
14.216578895335296,30.13059839361616,31.68269260669314,182.32848232848232,0.7702581286430359,0.818155825138092,0.7920597791671753,0.44258256219199943,21,0.6814084187150001
