BLEU,CHRF,CHRF++,TER,BERT-P,BERT-R,BERT-F1,METEOR,COMET,CHRF<10
26.854665933360447,34.849587285678275,34.90230733160452,241.28470418470417,0.7702595460414886,0.818152004480362,0.7920592927932739,0.44258256219199943,0.6814084187150001,21.0
