BLEU,CHRF,CHRF++,TER,BERT-P,BERT-R,BERT-F1,METEOR,COMET,CHRF<10
36.83407383239909,55.930004377796855,54.31871238844099,209.11664862914867,0.8288374447822571,0.8664768677949906,0.8454025083780289,0.48100430397305155,0.7605390244722366,9.0
