BLEU,CHRF,CHRF++,TER,BERT-P,BERT-R,BERT-F1,METEOR,CHRF<10,COMET
14.625987595464403,49.00928328308973,48.17706474586531,141.4396887159533,0.828839123249054,0.8664859533309937,0.8454076647758484,0.48100430397305144,9,0.7605390244722366
