BLEU,CHRF,CHRF++,TER,BERT-P,BERT-R,BERT-F1,METEOR,COMET,CHRF<10
25.65410139244833,37.55521187947763,36.05002180310588,222.14987512487514,0.7736714333295822,0.7988022553920746,0.783814172744751,0.32676136275078593,0.6902927088737488,27.0
