BLEU,CHRF,CHRF++,TER,BERT-P,BERT-R,BERT-F1,METEOR,CHRF<10,COMET
11.872873721717284,31.218623196292732,31.032906529146477,147.04918032786884,0.7736672759056091,0.7988032698631287,0.7838121652603149,0.32676136275078577,27,0.6902927088737488
