BLEU,CHRF,CHRF++,TER,BERT-P,BERT-R,BERT-F1,METEOR,CHRF<10,COMET
8.918474913670794,36.52577869892023,36.37442298699913,192.9718875502008,0.6533766388893127,0.7622359395027161,0.6945642232894897,0.40194064516440586,10,0.7087351486086846
