BLEU,CHRF,CHRF++,TER,BERT-P,BERT-R,BERT-F1,METEOR,CHRF<10,COMET
10.330266679762033,32.514239376815965,31.607927724761442,250.31578947368422,0.741527259349823,0.7969147562980652,0.7651678323745728,0.3937896280219396,21,0.6560275202989578
