BLEU,CHRF,CHRF++,TER,BERT-P,BERT-R,BERT-F1,METEOR,COMET,CHRF<10
27.212131204882258,44.17918850339404,43.13371520824173,258.0790584415584,0.6533706644177437,0.7622284734249115,0.6945578947663307,0.4019406451644057,0.7087351486086846,10.0
