BLEU,CHRF,CHRF++,TER,BERT-P,BERT-R,BERT-F1,METEOR,COMET,CHRF<10
23.097069261147563,35.49828510075514,34.08182921265829,389.8624915117562,0.7415309023857116,0.796915887594223,0.7651700729131699,0.39378962802193995,0.6560275202989578,21.0
