BLEU,CHRF,CHRF++,TER,BERT-P,BERT-R,BERT-F1,METEOR,COMET,CHRF<10
37.65807605628884,45.120017096478165,44.35850838071501,223.39324931604344,0.7760280126333237,0.8235188403725624,0.7955966559052468,0.42584580424386326,0.7387104916572571,10.0
