BLEU,CHRF,CHRF++,TER,BERT-P,BERT-R,BERT-F1,METEOR,CHRF<10,COMET
19.864081993182957,35.93229450392969,36.87825334814137,120.10652463382156,0.7760293483734131,0.8235192894935608,0.7955979704856873,0.42584580424386326,10,0.7387104916572571
