BLEU,CHRF,CHRF++,TER,BERT-P,BERT-R,BERT-F1,METEOR,COMET,CHRF<10
46.64656876045853,47.7500290093616,43.77924185630299,53.899225494612864,0.8273570989117478,0.8198802196360254,0.8222141437458269,0.34244971746636677,0.8088886349490194,37.0
