BLEU,CHRF,CHRF++,TER,BERT-P,BERT-R,BERT-F1,METEOR,COMET,CHRF<10
52.01880725521832,51.182531359009076,48.574609061270756,50.25194983226911,0.8435126952650422,0.8588559997590233,0.8496943381725329,0.5699675645489007,0.8299769476691693,20.0
