BLEU,CHRF,CHRF++,TER,BERT-P,BERT-R,BERT-F1,METEOR,CHRF<10,COMET
31.24884579234009,36.8839039318717,31.664298867930356,56.513409961685824,0.774512529373169,0.7824384570121765,0.7776589393615723,0.3798227360969872,48,0.7506183033086815
