BLEU,CHRF,CHRF++,TER,BERT-P,BERT-R,BERT-F1,METEOR,CHRF<10,COMET
20.623907726366948,49.44583667728576,44.84420663068823,73.3044733044733,0.8869143128395081,0.8953453302383423,0.8906181454658508,0.4407363441829804,24,0.7556443910324137
