BLEU,CHRF,CHRF++,TER,BERT-P,BERT-R,BERT-F1,METEOR,COMET,CHRF<10
33.94313576608194,47.175052189157014,43.312042425233216,82.60021682796551,0.88692648716622,0.8953619889563915,0.8906327495400194,0.4407363441829803,0.7556443910324137,24.0
