BLEU,CHRF,CHRF++,TER,BERT-P,BERT-R,BERT-F1,METEOR,COMET,CHRF<10
34.921610703662914,39.70012159391529,36.19987724054503,69.13941201529286,0.840082221031189,0.8424377062916756,0.84080362200737,0.43146395467893384,0.8439503186941146,40.0
