BLEU,CHRF,CHRF++,TER,BERT-P,BERT-R,BERT-F1,METEOR,COMET,CHRF<10
11.828746802721657,46.39712847689078,41.63533541477287,99.32391832543897,0.7593740427494049,0.7775799643993377,0.767693589925766,0.34026273965457854,0.6818785318732261,1.0
