cluster,BLEU,CHRF++,BERT-F1,COMET
1,8.542289004227273,36.846991432588894,0.7375784312423906,0.6285190872455898
0,12.461563671804656,42.899557329362445,0.7775273813920862,0.6742783381658441
2,15.52051904536325,46.59867563716382,0.796623129929815,0.7635237276554108
