BLEU,CHRF,CHRF++,TER,BERT-P,BERT-R,BERT-F1,METEOR,CHRF<10,COMET
13.977067222073778,48.82589581910899,43.91717541259854,86.24068157614484,0.7593729496002197,0.7775781154632568,0.7676920890808105,0.3402627396545787,1,0.6818785318732261
