cluster,BLEU,CHRF++,BERT-F1,COMET
1,18.643628990955822,45.11464964967792,0.7851643232922805,0.7128467104936901
0,21.256857957149393,45.39754331787104,0.7928739067386178,0.7214977057541118
2,24.020086567069793,50.55277254730566,0.8034922480583191,0.76215418108872
