BLEU,CHRF,CHRF++,TER,BERT-P,BERT-R,BERT-F1,METEOR,COMET,CHRF<10
18.049061814230694,47.82004957759561,42.95322000815183,81.12999076277863,0.7766897308826447,0.7845277088880539,0.7801311808824539,0.49333751614462257,0.7316376835107803,2.0
