cluster,BLEU,CHRF++,BERT-F1,COMET
1,15.605767545608689,40.84656417204326,0.7773821542137548,0.7169592035444159
0,18.445061052976268,41.60816145943278,0.7725459582665387,0.718828534378725
2,20.884104960312364,47.445538309172285,0.7930726302521569,0.7671124445540565
