BLEU,CHRF,CHRF++,TER,BERT-P,BERT-R,BERT-F1,METEOR,CHRF<10,COMET
19.983163516315884,48.70512052097399,43.94383186335185,73.89505769649467,0.7766869068145752,0.7845257520675659,0.7801287770271301,0.4933375161446228,2,0.7316376835107803
