BLEU,CHRF,CHRF++,TER,BERT-P,BERT-R,BERT-F1,METEOR,CHRF<10,COMET
32.64778934768884,32.472537011817195,29.28011110545189,48.8785769528229,0.8166472911834717,0.801327109336853,0.8081658482551575,0.3641152726597163,37,0.8104006445511079
