BLEU,CHRF,CHRF++,TER,BERT-P,BERT-R,BERT-F1,METEOR,COMET,CHRF<10
45.39972166097191,45.09970341205347,41.34412035425944,46.591236714389424,0.8166502714157104,0.8013293267070473,0.8081685908429035,0.36411527265971627,0.8104006445511079,37.0
