BLEU,CHRF,CHRF++,TER,BERT-P,BERT-R,BERT-F1,METEOR,CHRF<10,COMET
49.41524019899075,46.162861056518885,42.1798243999713,37.250427837992014,0.8353423476219177,0.8286275863647461,0.8313549160957336,0.5316751101635878,36,0.8127829287006957
