BLEU,CHRF,CHRF++,TER,BERT-P,BERT-R,BERT-F1,METEOR,COMET,CHRF<10
48.794289748544166,46.418809973914335,44.35680408366032,40.115376606708615,0.8353462111893424,0.8286284243608538,0.8313573230216853,0.5316751101635883,0.8127829287006957,36.0
