BLEU,CHRF,CHRF++,TER,BERT-P,BERT-R,BERT-F1,METEOR,COMET,CHRF<10
30.69669900189612,29.679798746650178,26.513809566813777,75.10419895108467,0.7746739478743806,0.7537293578593098,0.7630262498040589,0.35369301206562653,0.7393540808436821,54.0
