BLEU,CHRF,CHRF++,TER,BERT-P,BERT-R,BERT-F1,METEOR,CHRF<10,COMET
31.702775553800873,32.390879589677354,28.43415739503332,59.77011494252874,0.7746760249137878,0.7537293434143066,0.7630272507667542,0.3536930120656263,54,0.7393540808436821
