BLEU,CHRF,CHRF++,TER,BERT-P,BERT-R,BERT-F1,METEOR,CHRF<10,COMET
18.777517953089067,49.72845199239856,45.14747503382613,60.60606060606061,0.9131962656974792,0.9123217463493347,0.9123797416687012,0.47037595091619816,21,0.7959000006396109
