BLEU,CHRF,CHRF++,TER,BERT-P,BERT-R,BERT-F1,METEOR,COMET,CHRF<10
37.1110848705315,48.60349681081476,44.63008026229617,63.88977659920068,0.913207165545818,0.9123314553530428,0.9123901887089795,0.47037595091619827,0.7959000006396109,21.0
