BLEU,CHRF,CHRF++,TER,BERT-P,BERT-R,BERT-F1,METEOR,CHRF<10,COMET
25.701701302153182,31.529246657981485,27.274297649174706,48.912097476066144,0.875352680683136,0.8692158460617065,0.8718793392181396,0.4667608529000487,38,0.8763507774472237
