BLEU,CHRF,CHRF++,TER,BERT-P,BERT-R,BERT-F1,METEOR,COMET,CHRF<10
41.950018668298924,43.697350318799614,40.52065215090994,51.25482668019601,0.8753593447804451,0.8692208299040795,0.8718853163719177,0.46676085290004854,0.8763507774472237,38.0
