BLEU,CHRF,CHRF++,TER,BERT-P,BERT-R,BERT-F1,METEOR,CHRF<10,COMET
16.583888194994763,29.977147846784263,27.623495644011392,91.31455399061032,0.8493672013282776,0.8513022661209106,0.8501617312431335,0.3313350285426255,45,0.8001941700192059
