BLEU,CHRF,CHRF++,TER,BERT-P,BERT-R,BERT-F1,METEOR,COMET,CHRF<10
32.666860555380225,35.54067146951003,32.87753714726623,97.40196078431374,0.8493709508110495,0.8513046776547152,0.8501649228965535,0.3313350285426258,0.8001941700192059,45.0
