cluster,BLEU,CHRF++,BERT-F1,COMET
1,16.434455741859143,48.351286902656966,0.7837435618827218,0.6406358464768058
0,19.870727511889726,50.949570616077146,0.7981366795652053,0.6723170376875821
2,28.98611017056363,57.12705564712087,0.8226997320141111,0.7362611038344247
