BLEU,CHRF,CHRF++,TER,BERT-P,BERT-R,BERT-F1,METEOR,COMET,CHRF<10
21.117251383706797,55.57323792300339,51.69191861366971,85.25418683940661,0.7874653607606887,0.8132447761297226,0.7995449495315552,0.487377900302895,0.6781825235486031,0.0
