BLEU,CHRF,CHRF++,TER,BERT-P,BERT-R,BERT-F1,METEOR,CHRF<10,COMET
23.599741720009305,57.35971613810762,53.63371675763575,73.53312872359632,0.7874579429626465,0.8132379055023193,0.7995378375053406,0.487377900302895,0,0.6781825235486031
