BLEU,CHRF,CHRF++,TER,BERT-P,BERT-R,BERT-F1,METEOR,COMET,CHRF<10
21.037534960773545,51.42311598486969,46.73350790819936,78.94074804927197,0.7867254841327668,0.8001805746555328,0.792917400598526,0.5557766353750697,0.7295941406488419,0.0
