BLEU,CHRF,CHRF++,TER,BERT-P,BERT-R,BERT-F1,METEOR,CHRF<10,COMET
22.133352031555454,52.57496584453576,47.94582474509205,70.47681254082299,0.7867239117622375,0.8001799583435059,0.7929162383079529,0.5557766353750698,0,0.7295941406488419
