BLEU,CHRF,CHRF++,TER,BERT-P,BERT-R,BERT-F1,METEOR,COMET,CHRF<10
21.06712464633793,39.036840024664436,36.152742594837484,175.0721861471862,0.7823606383800507,0.8025216406583786,0.7911036819219589,0.31725953258629863,0.6588333261013031,21.0
