BLEU,CHRF,CHRF++,TER,BERT-P,BERT-R,BERT-F1,METEOR,CHRF<10,COMET
14.24767893885405,36.79573371477988,33.82401152051231,133.7568058076225,0.782351016998291,0.8025150299072266,0.7910955548286438,0.31725953258629863,21,0.6588333261013031
