BLEU,CHRF,CHRF++,TER,BERT-P,BERT-R,BERT-F1,METEOR,COMET,CHRF<10
34.99353465057419,51.105159841341795,49.553640945745535,193.6355313165096,0.7924745506048203,0.826019035577774,0.8071147549152374,0.4856487947864052,0.6927037489414215,12.0
