BLEU,CHRF,CHRF++,TER,BERT-P,BERT-R,BERT-F1,METEOR,CHRF<10,COMET
21.228187480452455,49.87916590449036,47.55080475609001,129.72972972972974,0.7924907207489014,0.8260294198989868,0.8071283102035522,0.48564879478640505,12,0.6927037489414215
