BLEU,CHRF,CHRF++,TER,BERT-P,BERT-R,BERT-F1,METEOR,COMET,CHRF<10
39.342769706552964,52.39620249056101,51.301579345544454,143.76756021756023,0.8939877927303315,0.9174986118078232,0.9045670455694199,0.5456601082388989,0.7402678003907204,10.0
