BLEU,CHRF,CHRF++,TER,BERT-P,BERT-R,BERT-F1,METEOR,CHRF<10,COMET
22.02115167958107,49.539431860182724,48.47310088632207,105.39956803455723,0.893984854221344,0.9174997210502625,0.9045665860176086,0.5456601082388987,10,0.7402678003907204
