BLEU,CHRF,CHRF++,TER,BERT-P,BERT-R,BERT-F1,METEOR,CHRF<10,COMET
18.263630356699522,43.67589665935718,41.288006226653536,137.31958762886597,0.773220956325531,0.8107467889785767,0.7902992963790894,0.38687543940633196,14,0.6449530512094498
