BLEU,CHRF,CHRF++,TER,BERT-P,BERT-R,BERT-F1,METEOR,COMET,CHRF<10
26.362708228210874,43.728855178020915,41.52329705284723,190.00926084784783,0.7732268023490906,0.8107569253444672,0.790307051539421,0.3868754394063319,0.6449530512094498,14.0
