BLEU,CHRF,CHRF++,TER,BERT-P,BERT-R,BERT-F1,METEOR,CHRF<10,COMET
9.549987352594755,25.668710429581527,25.57205686672897,145.98825831702544,0.7320540547370911,0.7704786658287048,0.7491234540939331,0.14415930135609867,35,0.49121994227170945
