BLEU,CHRF,CHRF++,TER,BERT-P,BERT-R,BERT-F1,METEOR,COMET,CHRF<10
14.954304867360058,26.31412210277649,25.237401383877568,215.8886369668979,0.7320685976743698,0.770487574338913,0.7491353392601013,0.14415930135609867,0.49121994227170945,35.0
