BLEU,CHRF,CHRF++,TER,BERT-P,BERT-R,BERT-F1,METEOR,COMET,CHRF<10
30.432231313894444,48.01527675103813,45.89017597688443,167.7562268649225,0.789745287001133,0.8228316801786423,0.8039026230573654,0.39256248093447665,0.6692477425932885,16.0
