BLEU,CHRF,CHRF++,TER,BERT-P,BERT-R,BERT-F1,METEOR,CHRF<10,COMET
21.999966415068126,46.86854416985093,45.122280187778145,123.43096234309623,0.7897358536720276,0.8228211998939514,0.8038926124572754,0.39256248093447677,16,0.6692477425932885
