BLEU,CHRF,CHRF++,TER,BERT-P,BERT-R,BERT-F1,METEOR,CHRF<10,COMET
17.666155339057756,29.655864745231863,29.71811048207632,125.0,0.7519800066947937,0.7930278778076172,0.7693984508514404,0.36801577925252305,34,0.6361078062653541
