BLEU,CHRF,CHRF++,TER,BERT-P,BERT-R,BERT-F1,METEOR,COMET,CHRF<10
22.418031691052796,29.46632852505185,29.772955770059525,193.1883225108225,0.7519768372178077,0.7930228435993194,0.769394439458847,0.36801577925252305,0.6361078062653541,34.0
