BLEU,CHRF,CHRF++,TER,BERT-P,BERT-R,BERT-F1,METEOR,COMET,CHRF<10
19.537518977931505,24.336710155961597,25.338152285870947,219.6003260628261,0.7323725652694703,0.7788041388988495,0.7530043169856071,0.3542054243903116,0.5877446568012238,42.0
