BLEU,CHRF,CHRF++,TER,BERT-P,BERT-R,BERT-F1,METEOR,CHRF<10,COMET
16.63792797222331,25.351960503026277,26.475697949312977,163.1236442516269,0.7323712110519409,0.7788055539131165,0.7530049085617065,0.3542054243903115,42,0.5877446568012238
