BLEU,CHRF,CHRF++,TER,BERT-P,BERT-R,BERT-F1,METEOR,COMET,CHRF<10
27.393503540451494,45.28691577128745,43.38965712827842,175.2197702056398,0.7904383343458176,0.8160668885707856,0.8010502046346665,0.40237448273971277,0.6771807986497879,15.0
