BLEU,CHRF,CHRF++,TER,BERT-P,BERT-R,BERT-F1,METEOR,CHRF<10,COMET
20.165774570708983,45.81757945730348,43.54313560997353,124.47698744769875,0.7904382348060608,0.8160713315010071,0.8010528683662415,0.4023744827397128,15,0.6771807986497879
