BLEU,CHRF,CHRF++,TER,BERT-P,BERT-R,BERT-F1,METEOR,CHRF<10,COMET
13.808246414387257,28.809963358721564,27.73668397156538,136.39705882352942,0.7325488328933716,0.766924262046814,0.7469527721405029,0.385354623686375,38,0.6027775263786316
