BLEU,CHRF,CHRF++,TER,BERT-P,BERT-R,BERT-F1,METEOR,COMET,CHRF<10
19.858398987373146,31.32772520790288,29.996364142232515,218.14353914059797,0.7325434127449989,0.7669276612997055,0.7469519883394241,0.385354623686375,0.6027775263786316,38.0
