BLEU,CHRF,CHRF++,TER,BERT-P,BERT-R,BERT-F1,METEOR,COMET,CHRF<10
24.53241721828298,38.41986509493353,37.294552643958184,206.4863886113886,0.6077257809042931,0.6945279511809349,0.6417060276865959,0.37025801935575287,0.6381396389007569,19.0
