BLEU,CHRF,CHRF++,TER,BERT-P,BERT-R,BERT-F1,METEOR,CHRF<10,COMET
13.813608266305913,34.04252897314004,32.60601695292034,143.92523364485982,0.7634428143501282,0.7837235927581787,0.7710108160972595,0.3818709661566772,30,0.6511990514397621
