BLEU,CHRF,CHRF++,TER,BERT-P,BERT-R,BERT-F1,METEOR,COMET,CHRF<10
21.151232979184297,33.64689367561529,32.13720729357468,202.37717450677977,0.7634509384632111,0.7837373441457749,0.7710215419530868,0.38187096615667715,0.6511990514397621,30.0
