BLEU,CHRF,CHRF++,TER,BERT-P,BERT-R,BERT-F1,METEOR,CHRF<10,COMET
16.157491205787377,41.42570193952216,39.53133684706598,134.96801705756928,0.6077232956886292,0.6945260763168335,0.6417034268379211,0.3702580193557528,19,0.6381396389007569
