BLEU,CHRF,CHRF++,TER,BERT-P,BERT-R,BERT-F1,METEOR,CHRF<10,COMET
18.672765985018142,32.414038884860695,33.495556239137734,117.3913043478261,0.7485682964324951,0.7855627536773682,0.7622103691101074,0.43729905951287484,22,0.7042254185676575
