BLEU,CHRF,CHRF++,TER,BERT-P,BERT-R,BERT-F1,METEOR,COMET,CHRF<10
28.927369343141876,33.6432743842019,34.67346558387606,148.56887763135745,0.7485671225190162,0.7855620205402374,0.762209655046463,0.43729905951287484,0.7042254185676575,22.0
