cluster,BLEU,CHRF++,BERT-F1,COMET
1,6.261338938942127,32.92926826592645,0.7422884592884466,0.6365234647926531
0,7.956352723186918,37.429815888380844,0.7844719904310563,0.6840933684040519
2,10.93577223577323,41.19284617524381,0.7913531703608376,0.7363014710800988
