BLEU,CHRF,CHRF++,TER,BERT-P,BERT-R,BERT-F1,METEOR,COMET,CHRF<10
8.146484948698065,41.42905749043201,36.77325627216982,94.62578432341232,0.7663940787315369,0.7749160885810852,0.7703689789772034,0.27049060548664516,0.6806350737810135,2.0
