BLEU,CHRF,CHRF++,TER,BERT-P,BERT-R,BERT-F1,METEOR,COMET,CHRF<10
17.555499032389058,33.875897430286635,31.171270131288182,153.75577893039195,0.7606919208168983,0.7595992341637612,0.7581262153387069,0.30198828642799386,0.6154573222994805,26.0
