BLEU,CHRF,CHRF++,TER,BERT-P,BERT-R,BERT-F1,METEOR,CHRF<10,COMET
20.522137783984864,37.97109009056017,36.31428048672062,93.99441340782123,0.7606865763664246,0.7595921158790588,0.7581198215484619,0.30198828642799386,26,0.6154573222994805
