BLEU,CHRF,CHRF++,TER,BERT-P,BERT-R,BERT-F1,METEOR,CHRF<10,COMET
23.213051200807644,54.26803695546041,53.40119084823163,91.4,0.8352847099304199,0.8590967655181885,0.8457137942314148,0.49977391164185336,9,0.741364369392395
