BLEU,CHRF,CHRF++,TER,BERT-P,BERT-R,BERT-F1,METEOR,COMET,CHRF<10
41.0899334433766,57.99205623023151,56.33993976040665,149.3992424242424,0.8352812707424164,0.8590929281711578,0.8457099539041519,0.4997739116418534,0.741364369392395,9.0
