BLEU,CHRF,CHRF++,TER,BERT-P,BERT-R,BERT-F1,METEOR,CHRF<10,COMET
33.68249996029261,59.6881546742328,59.0215442611881,78.08764940239044,0.8919323086738586,0.9180766344070435,0.9039658904075623,0.5595135248108472,6,0.759831172823906
