BLEU,CHRF,CHRF++,TER,BERT-P,BERT-R,BERT-F1,METEOR,CHRF<10,COMET
23.359130514497746,59.67567894617678,58.29789561528253,79.2156862745098,0.8364040851593018,0.8694210648536682,0.8508913516998291,0.5297956128633806,5,0.7451895025372505
