BLEU,CHRF,CHRF++,TER,BERT-P,BERT-R,BERT-F1,METEOR,COMET,CHRF<10
41.870138915228445,58.08778250556679,57.85466544120234,140.668135132841,0.8919403451681137,0.9180697631835938,0.9039672559499741,0.5595135248108472,0.759831172823906,6.0
