BLEU,CHRF,CHRF++,TER,BERT-P,BERT-R,BERT-F1,METEOR,COMET,CHRF<10
39.44837031766336,60.609720495737555,59.43933101701899,136.7114357864358,0.8364195150136947,0.8694365268945694,0.8509065693616867,0.5297956128633806,0.7451895025372505,5.0
