BLEU,CHRF,CHRF++,TER,BERT-P,BERT-R,BERT-F1,METEOR,CHRF<10,COMET
17.611941296581048,36.92557664405992,36.48812917784355,100.0,0.7674636840820312,0.7913109660148621,0.7777004837989807,0.14822029926306077,25,0.6018676283955574
