BLEU,CHRF,CHRF++,TER,BERT-P,BERT-R,BERT-F1,METEOR,COMET,CHRF<10
21.30174568524724,36.32627052124332,35.369102941270306,158.56321946027828,0.7674639081954956,0.7913077658414841,0.7776988744735718,0.1482202992630607,0.6018676283955574,25.0
