BLEU,CHRF,CHRF++,TER,BERT-P,BERT-R,BERT-F1,METEOR,CHRF<10,COMET
24.443456703900132,55.897881517318545,54.50113250033199,85.23622047244095,0.8286482095718384,0.8534192442893982,0.8392928838729858,0.4788021800271256,10,0.7337681591510773
