BLEU,CHRF,CHRF++,TER,BERT-P,BERT-R,BERT-F1,METEOR,COMET,CHRF<10
38.527998569462405,56.507157907639886,54.70140173015306,143.74318181818182,0.8286484825611115,0.8534228312969208,0.839294404387474,0.47880218002712543,0.7337681591510773,10.0
