BLEU,CHRF,CHRF++,TER,BERT-P,BERT-R,BERT-F1,METEOR,COMET,CHRF<10
28.293801841093114,38.809969463232875,38.1463676735885,172.84559113057563,0.7736209985613823,0.814696838259697,0.7917307209968567,0.4301935794020124,0.6894485303759574,25.0
