BLEU,CHRF,CHRF++,TER,BERT-P,BERT-R,BERT-F1,METEOR,CHRF<10,COMET
23.08194390190338,39.363763457071975,38.42159215496413,101.2280701754386,0.7736238837242126,0.8147093057632446,0.7917377352714539,0.4301935794020123,25,0.6894485303759574
