BLEU,CHRF,CHRF++,TER,BERT-P,BERT-R,BERT-F1,METEOR,CHRF<10,COMET
25.164396692820752,41.37684869164507,40.318853537636706,100.64102564102564,0.7911891341209412,0.8210145831108093,0.8042616844177246,0.4323982795799938,20,0.698727339208126
