BLEU,CHRF,CHRF++,TER,BERT-P,BERT-R,BERT-F1,METEOR,COMET,CHRF<10
31.973160477531454,43.051469255793926,41.78716523082305,151.47977994227995,0.7911896881461143,0.8210138744115829,0.8042617380619049,0.4323982795799939,0.698727339208126,20.0
