BLEU,CHRF,CHRF++,TER,BERT-P,BERT-R,BERT-F1,METEOR,COMET,CHRF<10
38.443289823820315,59.81651502857636,57.97915354112791,157.2007575757576,0.8205850493907928,0.8529824179410934,0.8346919643878937,0.4950717123705008,0.7282663950324059,6.0
