BLEU,CHRF,CHRF++,TER,BERT-P,BERT-R,BERT-F1,METEOR,CHRF<10,COMET
23.82172697017743,57.80012351484781,55.987812402402184,90.8023483365949,0.8205708861351013,0.8529630899429321,0.8346754312515259,0.4950717123705008,6,0.7282663950324059
