BLEU,CHRF,CHRF++,TER,BERT-P,BERT-R,BERT-F1,METEOR,CHRF<10,COMET
12.497042103916257,24.273304744867325,23.019394482932103,105.11363636363636,0.7349809408187866,0.7323704361915588,0.7310994863510132,0.2885829475041225,30,0.5817919485270977
