BLEU,CHRF,CHRF++,TER,BERT-P,BERT-R,BERT-F1,METEOR,COMET,CHRF<10
12.798157847976613,27.472471642965292,25.17014458872956,163.84982407513365,0.7349834099411965,0.7323757541179657,0.7311035013198852,0.2885829475041225,0.5817919485270977,30.0
