BLEU,CHRF,CHRF++,TER,BERT-P,BERT-R,BERT-F1,METEOR,COMET,CHRF<10
28.504363914363672,42.107715851856604,41.25222107503357,145.52905525846703,0.7816118901968002,0.795924945473671,0.7868801790475846,0.4531235425694218,0.6883424922823906,25.0
