BLEU,CHRF,CHRF++,TER,BERT-P,BERT-R,BERT-F1,METEOR,CHRF<10,COMET
16.18152711462277,51.409235818083644,50.122302075930655,96.9758064516129,0.6956268548965454,0.7754474878311157,0.7264314293861389,0.46776683443908895,13,0.7032921841740608
