BLEU,CHRF,CHRF++,TER,BERT-P,BERT-R,BERT-F1,METEOR,COMET,CHRF<10
33.70547571676711,52.50898923448117,51.85892374111366,152.12780414030414,0.6956366464495659,0.7754560893774033,0.7264411354064941,0.46776683443908895,0.7032921841740608,13.0
