BLEU,CHRF,CHRF++,TER,BERT-P,BERT-R,BERT-F1,METEOR,CHRF<10,COMET
23.061720429019513,41.56188500452408,41.29959945204919,91.61425576519916,0.7816135287284851,0.7959256768226624,0.7868815660476685,0.4531235425694218,25,0.6883424922823906
