BLEU,CHRF,CHRF++,TER,BERT-P,BERT-R,BERT-F1,METEOR,COMET,CHRF<10
38.07347725125456,48.28887179130468,47.26659205129908,136.64522056890476,0.7938974925875664,0.8186999672651291,0.8023060175776482,0.5185597873112112,0.7322583331167698,16.0
