BLEU,CHRF,CHRF++,TER,BERT-P,BERT-R,BERT-F1,METEOR,CHRF<10,COMET
31.77554390346894,49.78816797612095,48.62986459857459,80.94594594594594,0.7938855886459351,0.8186947703361511,0.8022975325584412,0.5185597873112111,16,0.7322583331167698
