BLEU,CHRF,CHRF++,TER,BERT-P,BERT-R,BERT-F1,METEOR,COMET,CHRF<10
18.749554083181707,50.468041291055705,45.898233370292225,84.21847798384724,0.7808226042985916,0.7975020837783814,0.7883941400051117,0.5203745762148454,0.7037634989619255,0.0
