cluster,BLEU,CHRF++,BERT-F1,COMET
1,14.314670009722091,43.75676800608195,0.7737197452469876,0.6700370241152612
0,17.932656830901493,45.13481452712804,0.7850662031594444,0.7091309130191803
2,25.760271989217152,49.73151638841983,0.8123504562037331,0.7430175691843033
