BLEU,CHRF,CHRF++,TER,BERT-P,BERT-R,BERT-F1,METEOR,CHRF<10,COMET
20.49712399869296,51.855997822338026,47.18281892735414,73.45961245373395,0.7808199524879456,0.7974989414215088,0.7883913516998291,0.5203745762148452,0,0.7037634989619255
