cluster,BLEU,CHRF++,BERT-F1,COMET
0,27.3944729829441,44.41421959088587,0.8186262515845237,0.7046873633157124
1,21.39027308257101,31.50620972556231,0.7572572898989355,0.6043170570081119
2,26.5006415193574,39.077212158870616,0.7867408469713554,0.6469025133699967
