Method,2_BLEU,2_CHRF++,2_BERT-F1,2_COMET,2_DA-Score,0_BLEU,0_CHRF++,0_BERT-F1,0_COMET,0_DA-Score,1_BLEU,1_CHRF++,1_BERT-F1,1_COMET,1_DA-Score
qwenvl-max,26.5006415193574,39.077212158870616,0.7867408469713554,0.6469025133699967,0.5282980431790045,27.3944729829441,44.41421959088587,0.8186262515845237,0.7046873633157124,0.5627733810016645,21.39027308257101,31.50620972556231,0.7572572898989355,0.6043170570081119,0.4782337954460303
