cluster,BLEU,CHRF++,BERT-F1,COMET
1,2.905387312281389,15.736172704659285,0.7443639212533048,0.7507489017750087
0,3.9566320612258994,18.85009586580165,0.7677792363307056,0.7738781413611244
2,5.359050328337908,23.2693811930177,0.7928268781730107,0.8146284052303859
