BLEU,CHRF,CHRF++,TER,BERT-P,BERT-R,BERT-F1,METEOR,COMET,CHRF<10
3.949836171418348,23.379738177495238,18.904204956188046,95.47510081966557,0.7697491157054901,0.7627086013555526,0.7658947563171387,0.06666752810157058,0.7764991042017937,8.0
