BLEU,CHRF,CHRF++,TER,BERT-P,BERT-R,BERT-F1,METEOR,COMET,CHRF<10
15.811957582473486,32.36238164566975,29.946611697629102,177.58974220224223,0.7498289906978607,0.760316492319107,0.7530098307132721,0.2791467961180621,0.6159423780441284,25.0
