BLEU,CHRF,CHRF++,TER,BERT-P,BERT-R,BERT-F1,METEOR,CHRF<10,COMET
16.24259795861856,32.11303175967083,29.704744748928984,105.61622464898596,0.749843418598175,0.7603245377540588,0.753020703792572,0.2791467961180622,25,0.6159423780441284
