BLEU,CHRF,CHRF++,TER,BERT-P,BERT-R,BERT-F1,METEOR,COMET,CHRF<10
19.99361829963313,43.975810765583084,40.93557936119778,152.46121933621933,0.7943085241317749,0.813912028670311,0.8019154298305512,0.3080437934110927,0.6623128771781921,11.0
