BLEU,CHRF,CHRF++,TER,BERT-P,BERT-R,BERT-F1,METEOR,CHRF<10,COMET
6.607878687332273,43.47738307843582,38.981861357565286,106.91823899371069,0.7942959070205688,0.8138963580131531,0.8019018769264221,0.30804379341109267,11,0.6623128771781921
