BLEU,CHRF,CHRF++,TER,BERT-P,BERT-R,BERT-F1,METEOR,CHRF<10,COMET
10.923868475527577,46.961795168063134,43.59799907231462,127.98353909465021,0.8711231350898743,0.8892993330955505,0.8792757987976074,0.41290359967840495,11,0.6859947082400322
