BLEU,CHRF,CHRF++,TER,BERT-P,BERT-R,BERT-F1,METEOR,COMET,CHRF<10
26.81658502126217,49.817228323335506,47.31565228234195,286.7047619047619,0.8711292839050293,0.8893022495508194,0.8792803639173508,0.41290359967840495,0.6859947082400322,11.0
