BLEU,CHRF,CHRF++,TER,BERT-P,BERT-R,BERT-F1,METEOR,CHRF<10,COMET
11.509554134078321,45.38940407696289,41.61513148713525,103.21285140562249,0.8004765510559082,0.8147943019866943,0.8055669665336609,0.3487435180348546,11,0.6596220803260803
