BLEU,CHRF,CHRF++,TER,BERT-P,BERT-R,BERT-F1,METEOR,COMET,CHRF<10
22.25449114034451,46.62031346489977,43.73801479433687,158.12730602730602,0.8004713147878647,0.8147895127534867,0.8055618649721146,0.34874351803485465,0.6596220803260803,11.0
