BLEU,CHRF,CHRF++,TER,BERT-P,BERT-R,BERT-F1,METEOR,COMET,CHRF<10
14.908722525537591,31.5602104204259,29.97858361031338,190.3419733044733,0.7565001475811005,0.7816973632574081,0.7674891811609268,0.10321409215745803,0.5563995063304901,26.0
