BLEU,CHRF,CHRF++,TER,BERT-P,BERT-R,BERT-F1,METEOR,CHRF<10,COMET
10.603449386117775,34.45300279842394,32.368833133295404,117.94871794871796,0.7565029263496399,0.7816870212554932,0.767486035823822,0.10321409215745801,26,0.5563995063304901
