BLEU,CHRF,CHRF++,TER,BERT-P,BERT-R,BERT-F1,METEOR,COMET,CHRF<10
22.875458418406183,49.53869541687985,46.071999891683944,206.73652736152738,0.8092079773545265,0.826892718076706,0.8157266664505005,0.359119818041493,0.6812309786677361,6.0
