BLEU,CHRF,CHRF++,TER,BERT-P,BERT-R,BERT-F1,METEOR,CHRF<10,COMET
9.558508609805166,49.09314480647012,44.45411539573354,113.09523809523809,0.8092013001441956,0.8268868923187256,0.815720796585083,0.3591198180414928,6,0.6812309786677361
