BLEU,CHRF,CHRF++,TER,BERT-P,BERT-R,BERT-F1,METEOR,CHRF<10,COMET
19.197413325749803,29.795995389735147,28.05759928689974,98.68204283360791,0.7557457089424133,0.7735222578048706,0.7627618908882141,0.34118614002415887,30,0.6161452995240688
