BLEU,CHRF,CHRF++,TER,BERT-P,BERT-R,BERT-F1,METEOR,COMET,CHRF<10
20.793661843053773,27.65369727290132,26.887457003550043,160.78848362250065,0.7557427304983139,0.7735120463371277,0.7627559190988541,0.3411861400241588,0.6161452995240688,30.0
