BLEU,CHRF,CHRF++,TER,BERT-P,BERT-R,BERT-F1,METEOR,COMET,CHRF<10
17.99898666192005,25.936847443408237,25.35574975000335,165.67352092352087,0.7664769500494003,0.7809597557783127,0.7720710641145706,0.3251785341401988,0.6182424813508988,36.0
