BLEU,CHRF,CHRF++,TER,BERT-P,BERT-R,BERT-F1,METEOR,CHRF<10,COMET
17.70593278222806,29.760610788122616,28.10401461651922,111.01871101871102,0.766472578048706,0.7809597849845886,0.7720689177513123,0.32517853414019887,36,0.6182424813508988
