BLEU,CHRF,CHRF++,TER,BERT-P,BERT-R,BERT-F1,METEOR,COMET,CHRF<10
24.374819980008105,48.80586618839031,45.95195082777624,160.1895021645022,0.8009176033735276,0.8168215829133988,0.8069110715389252,0.36896915326064156,0.6831826335191726,11.0
