BLEU,CHRF,CHRF++,TER,BERT-P,BERT-R,BERT-F1,METEOR,CHRF<10,COMET
11.076910783786973,48.641140237691246,44.629140309333664,105.05836575875487,0.8009205460548401,0.816820502281189,0.8069117069244385,0.3689691532606416,11,0.6831826335191726
