BLEU,CHRF,CHRF++,TER,BERT-P,BERT-R,BERT-F1,METEOR,COMET,CHRF<10
13.321868886197624,35.43414606335361,31.458381753487796,175.34347874347873,0.7492741930484772,0.7593914663791657,0.7514157205820083,0.31441886906686656,0.6157433381676674,27.0
