BLEU,CHRF,CHRF++,TER,BERT-P,BERT-R,BERT-F1,METEOR,CHRF<10,COMET
8.586695139063574,36.35924475052966,31.57849693349666,107.04918032786885,0.7492767572402954,0.7593867778778076,0.7514150738716125,0.3144188690668665,27,0.6157433381676674
