BLEU,CHRF,CHRF++,TER,BERT-P,BERT-R,BERT-F1,METEOR,CHRF<10,COMET
5.330535760208578,40.39280883053811,36.31908347104074,106.42570281124497,0.6564464569091797,0.7045301795005798,0.6721113324165344,0.32162977259166453,10,0.6600736863911152
