BLEU,CHRF,CHRF++,TER,BERT-P,BERT-R,BERT-F1,METEOR,COMET,CHRF<10
20.984053064018088,43.13686199144717,40.06756947619826,155.57999639249638,0.6564411002397538,0.7045234116911888,0.6721048891544342,0.32162977259166453,0.6600736863911152,10.0
