BLEU,CHRF,CHRF++,TER,BERT-P,BERT-R,BERT-F1,METEOR,CHRF<10,COMET
8.029303095024291,29.688148184732142,26.450039818321443,122.94736842105263,0.7286935448646545,0.7510223388671875,0.7378147840499878,0.33170701617685067,31,0.5717423310875893
