BLEU,CHRF,CHRF++,TER,BERT-P,BERT-R,BERT-F1,METEOR,COMET,CHRF<10
13.167103505874342,26.024412014199033,23.907201450613115,174.82237819370172,0.7286914318799973,0.7510218220949173,0.7378132998943329,0.33170701617685067,0.5717423310875893,31.0
