BLEU,CHRF,CHRF++,TER,BERT-P,BERT-R,BERT-F1,METEOR,COMET,CHRF<10
20.374234488564515,28.67827320526028,27.734935610613267,233.1811389504888,0.7109153154492378,0.7471698233485222,0.7240402936935425,0.3861409505606828,0.644529213309288,22.0
