BLEU,CHRF,CHRF++,TER,BERT-P,BERT-R,BERT-F1,METEOR,CHRF<10,COMET
20.484146196099697,31.982439290799615,29.95456963865258,105.5925432756325,0.7109116315841675,0.7471673488616943,0.7240368127822876,0.38614095056068287,22,0.644529213309288
