BLEU,CHRF,CHRF++,TER,BERT-P,BERT-R,BERT-F1,METEOR,CHRF<10,COMET
18.88769700986655,37.548834748834444,34.80298728479866,122.50453720508168,0.7910704016685486,0.8121125102043152,0.7998715043067932,0.3517743908052534,14,0.6776800441741944
