BLEU,CHRF,CHRF++,TER,BERT-P,BERT-R,BERT-F1,METEOR,COMET,CHRF<10
39.9581044787358,57.70298226536974,55.72097465136744,153.94013215045825,0.8232387709617615,0.8532871639728546,0.8362275272607803,0.5480883669568084,0.7467541220784187,15.0
