BLEU,CHRF,CHRF++,TER,BERT-P,BERT-R,BERT-F1,METEOR,COMET,CHRF<10
44.618918066713974,60.840711196730446,58.30910555138737,114.23327228327227,0.884735718369484,0.9072012704610825,0.8947804832458496,0.6240440024347358,0.7770579898357391,9.0
