BLEU,CHRF,CHRF++,TER,BERT-P,BERT-R,BERT-F1,METEOR,CHRF<10,COMET
24.022679623129065,49.06387707980908,46.441298757602375,96.70103092783505,0.8058662414550781,0.8373726606369019,0.8197397589683533,0.4731333690573776,10,0.690696884393692
