BLEU,CHRF,CHRF++,TER,BERT-P,BERT-R,BERT-F1,METEOR,COMET,CHRF<10
31.23560246078308,51.1262987931973,49.07626503974836,133.218865916692,0.8058724188804627,0.8373783713579178,0.8197453397512436,0.4731333690573776,0.690696884393692,10.0
