BLEU,CHRF,CHRF++,TER,BERT-P,BERT-R,BERT-F1,METEOR,COMET,CHRF<10
17.09353612435388,29.804811100443874,28.767721517393376,176.3925710159406,0.7608069086074829,0.7935176420211792,0.7761812216043472,0.12812311801750562,0.5364224171638489,29.0
