BLEU,CHRF,CHRF++,TER,BERT-P,BERT-R,BERT-F1,METEOR,COMET,CHRF<10
34.94792839653186,52.47177311438125,50.4170514733628,144.09727917010525,0.813386760354042,0.8386959099769592,0.8242415201663971,0.47168343104013916,0.7066444504261017,14.0
