BLEU,CHRF,CHRF++,TER,BERT-P,BERT-R,BERT-F1,METEOR,COMET,CHRF<10
29.321817510703223,37.1022621589066,36.15778352344357,166.52496975246973,0.7897236832976341,0.8255742877721787,0.8060342097282409,0.44684989105615663,0.7063593354821205,29.0
