BLEU,CHRF,CHRF++,TER,BERT-P,BERT-R,BERT-F1,METEOR,CHRF<10,COMET
26.37670798155487,39.2460237019494,38.347605391874396,105.96026490066225,0.7897170186042786,0.8255713582038879,0.8060294985771179,0.44684989105615663,29,0.7063593354821205
