BLEU,CHRF,CHRF++,TER,BERT-P,BERT-R,BERT-F1,METEOR,CHRF<10,COMET
28.893190860006587,41.321146012237584,40.473939206065026,110.41214750542298,0.7832992672920227,0.8199718594551086,0.7988592386245728,0.44530284760225775,32,0.6847301200032234
