BLEU,CHRF,CHRF++,TER,BERT-P,BERT-R,BERT-F1,METEOR,CHRF<10,COMET
26.42865982664585,53.50549926314302,50.156405718180984,98.11715481171548,0.8142988681793213,0.8404276967048645,0.8249918222427368,0.47112539174850865,12,0.7050396800041199
