BLEU,CHRF,CHRF++,TER,BERT-P,BERT-R,BERT-F1,METEOR,CHRF<10,COMET
15.28934442470949,38.16451477764238,35.00300456214205,116.91176470588236,0.7778103351593018,0.8097928762435913,0.7912358045578003,0.4226223179017029,19,0.7076936879754067
