BLEU,CHRF,CHRF++,TER,BERT-P,BERT-R,BERT-F1,METEOR,CHRF<10,COMET
24.795975491840135,50.31102287105311,48.404044311888875,100.85287846481876,0.6792771220207214,0.7431539297103882,0.7038034200668335,0.4463542181655551,17,0.6762644952535629
