BLEU,CHRF,CHRF++,TER,BERT-P,BERT-R,BERT-F1,METEOR,COMET,CHRF<10
31.56752500157859,48.33144744058031,47.0211610289694,150.661500999001,0.6792862084507942,0.7431585183739662,0.703810855448246,0.446354218165555,0.6762644952535629,17.0
