BLEU,CHRF,CHRF++,TER,BERT-P,BERT-R,BERT-F1,METEOR,CHRF<10,COMET
18.2822767331924,46.82521460873292,43.141799829140794,103.73831775700934,0.7992327213287354,0.8337342739105225,0.8141595721244812,0.45043101036445393,14,0.7137751209735871
