BLEU,CHRF,CHRF++,TER,BERT-P,BERT-R,BERT-F1,METEOR,CHRF<10,COMET
28.96691546329299,45.37637607216966,43.79145719281642,91.17259552042161,0.7838442325592041,0.8216498494148254,0.7988945245742798,0.46216514679013115,19,0.7435595545172692
