BLEU,CHRF,CHRF++,TER,BERT-P,BERT-R,BERT-F1,METEOR,COMET,CHRF<10
14.798790321802135,42.21621598844593,39.93579133907676,95.94511918924701,0.7730993014574051,0.7888486564159394,0.7805215406417847,0.3754031909905191,0.535773466527462,2.0
