cluster,BLEU,CHRF++,BERT-F1,COMET
1,12.551149177945788,36.829215305673976,0.7761590935681996,0.5052635685393685
0,12.699265780903445,39.803693218431455,0.7688008967567893,0.5369965223705068
2,20.398583102412726,44.31226367376412,0.8006742149591446,0.5756946174161774
