BLEU,CHRF,CHRF++,TER,BERT-P,BERT-R,BERT-F1,METEOR,CHRF<10,COMET
16.94702414961982,44.06410993092763,41.84698449481761,82.09583028529627,0.7730923295021057,0.788841187953949,0.7805142402648926,0.3754031909905192,2,0.535773466527462
