BLEU,CHRF,CHRF++,TER,BERT-P,BERT-R,BERT-F1,METEOR,COMET,CHRF<10
11.08341193042688,35.68659560064647,33.72538408350566,97.23063018437318,0.7608451199531555,0.7644425880908966,0.7623846942186355,0.3208581429535752,0.5145317293703556,2.0
