BLEU,CHRF,CHRF++,TER,BERT-P,BERT-R,BERT-F1,METEOR,COMET,CHRF<10
29.46496240569168,55.881070495881396,54.12119565418016,65.37316654104602,0.8339082878828049,0.8432242834568023,0.8381832641363144,0.5506388132495212,0.6022894141077996,0.0
