cluster,BLEU,CHRF++,BERT-F1,COMET
1,23.744358255456174,49.936262385883374,0.8297419297067743,0.5651686842504301
0,26.656895298354893,52.113259814460065,0.8272105525521671,0.586823449415319
2,40.63843523992026,62.238955752243065,0.8629633677857262,0.6714476474693843
