BLEU,CHRF,CHRF++,TER,BERT-P,BERT-R,BERT-F1,METEOR,CHRF<10,COMET
34.468966049251776,58.2392665341149,56.50579236887216,57.86393562545721,0.8339051008224487,0.8432191610336304,0.8381791114807129,0.5506388132495212,0,0.6022894141077996
