BLEU,CHRF,CHRF++,TER,BERT-P,BERT-R,BERT-F1,METEOR,CHRF<10,COMET
25.990406016876655,29.63007552316651,26.579928530628145,73.78190255220419,0.792688250541687,0.7947826981544495,0.7914888262748718,0.3405662373424865,44,0.7734937555604167
