BLEU,CHRF,CHRF++,TER,BERT-P,BERT-R,BERT-F1,METEOR,COMET,CHRF<10
40.150639426406556,42.89163414494042,39.215452814952975,83.62867134027009,0.7926911866510069,0.7947873971162936,0.791492488735166,0.3405662373424865,0.7734937555604167,44.0
