BLEU,CHRF,CHRF++,TER,BERT-P,BERT-R,BERT-F1,METEOR,COMET,CHRF<10
49.151420379867105,48.529513393321835,46.046220736875036,86.93122853699057,0.8225765016406633,0.8453300832572141,0.8317959263426433,0.5550433035549884,0.799212163234774,38.0
