BLEU,CHRF,CHRF++,TER,BERT-P,BERT-R,BERT-F1,METEOR,CHRF<10,COMET
41.091360925244324,45.89719083303932,41.58952973404173,64.40387906446092,0.8225741386413574,0.8453283905982971,0.831794023513794,0.555043303554988,38,0.799212163234774
