BLEU,CHRF,CHRF++,TER,BERT-P,BERT-R,BERT-F1,METEOR,CHRF<10,COMET
29.177523111375294,37.43747409640783,32.85173343665833,76.50063856960408,0.7940426468849182,0.798978865146637,0.7945595383644104,0.4134920601146468,36,0.7775279776174195
