BLEU,CHRF,CHRF++,TER,BERT-P,BERT-R,BERT-F1,METEOR,COMET,CHRF<10
35.05743194568403,34.9641992223779,31.73985184472928,82.08432710964279,0.7940408030942995,0.7989772030589531,0.7945578286842424,0.41349206011464684,0.7775279776174195,36.0
