BLEU,CHRF,CHRF++,TER,BERT-P,BERT-R,BERT-F1,METEOR,COMET,CHRF<10
32.893965718193,46.79409373044531,43.04000606807666,103.48443296087275,0.8887155031034459,0.9016678389454387,0.8943253858551306,0.4602861334073177,0.7654201901707974,24.0
