BLEU,CHRF,CHRF++,TER,BERT-P,BERT-R,BERT-F1,METEOR,CHRF<10,COMET
15.928882407768423,48.18719853936695,43.94034545175702,86.2914862914863,0.8887144327163696,0.9016608595848083,0.8943214416503906,0.4602861334073179,24,0.7654201901707974
