BLEU,CHRF,CHRF++,TER,BERT-P,BERT-R,BERT-F1,METEOR,COMET,CHRF<10
30.713412624670983,33.2300505638086,30.345339457446634,91.65778327737458,0.8410854834318161,0.837495605647564,0.8386751914024353,0.37989076430625957,0.8367776966094971,56.0
