BLEU,CHRF,CHRF++,TER,BERT-P,BERT-R,BERT-F1,METEOR,CHRF<10,COMET
19.715511445026138,27.890318960306033,24.628995560818087,69.88685813751087,0.8410838842391968,0.8374913930892944,0.8386723399162292,0.37989076430625957,56,0.8367776966094971
