BLEU,CHRF,CHRF++,TER,BERT-P,BERT-R,BERT-F1,METEOR,CHRF<10,COMET
9.880845727969126,27.760803095508173,24.516529083672555,129.10798122065728,0.8105607032775879,0.8164257407188416,0.8131000399589539,0.2414353430358151,63,0.7225729791557087
