BLEU,CHRF,CHRF++,TER,BERT-P,BERT-R,BERT-F1,METEOR,COMET,CHRF<10
21.923200987854493,27.54063206534234,24.97992564349744,142.01493930905696,0.8105561852455139,0.8164258644861333,0.8130978058366215,0.2414353430358151,0.7225729791557087,63.0
