BLEU,CHRF,CHRF++,TER,BERT-P,BERT-R,BERT-F1,METEOR,CHRF<10,COMET
17.506177793432446,45.967832319694715,45.3332354813009,112.15932914046121,0.8340854048728943,0.8684445023536682,0.8494784832000732,0.47900419693794144,7,0.7376294785737991
