BLEU,CHRF,CHRF++,TER,BERT-P,BERT-R,BERT-F1,METEOR,CHRF<10,COMET
24.104261113343966,57.51137416054321,57.22441263736303,114.40329218106994,0.905100405216217,0.925862729549408,0.9147485494613647,0.6128377891559627,4,0.799074980020523
