BLEU,CHRF,CHRF++,TER,BERT-P,BERT-R,BERT-F1,METEOR,CHRF<10,COMET
19.234212869407028,48.03811264369273,47.40390693610358,119.07630522088353,0.8453407287597656,0.8775408267974854,0.8592840433120728,0.5364126552778323,7,0.769171921312809
