BLEU,CHRF,CHRF++,TER,BERT-P,BERT-R,BERT-F1,METEOR,CHRF<10,COMET
14.951731335632623,31.96277942857812,33.498113486948505,150.93555093555094,0.8077275156974792,0.850018322467804,0.8266544938087463,0.49095411629661057,17,0.7296193411946297
