BLEU,CHRF,CHRF++,TER,BERT-P,BERT-R,BERT-F1,METEOR,COMET,CHRF<10
33.592007208125345,44.893289541422035,43.51461552860887,219.47070707070708,0.8077419510483742,0.8500283491611481,0.8266667437553405,0.49095411629661073,0.7296193411946297,17.0
