BLEU,CHRF,CHRF++,TER,BERT-P,BERT-R,BERT-F1,METEOR,COMET,CHRF<10
43.641394507194015,57.09294206476788,55.835158072171524,188.17516233766233,0.8391815948486329,0.869875790476799,0.852355670928955,0.5313944164041475,0.7737260866165161,7.0
