BLEU,CHRF,CHRF++,TER,BERT-P,BERT-R,BERT-F1,METEOR,CHRF<10,COMET
20.534853751888388,50.05601538021094,49.78556017930828,119.64980544747081,0.8391881585121155,0.8698785305023193,0.8523606657981873,0.5313944164041474,7,0.7737260866165161
