BLEU,CHRF,CHRF++,TER,BERT-P,BERT-R,BERT-F1,METEOR,COMET,CHRF<10
28.491748108018825,41.94004987636669,40.04494003033921,185.46217532467534,0.7863883447647094,0.8145903235673905,0.7979366874694824,0.4000916827401517,0.7096317371726036,22.0
