BLEU,CHRF,CHRF++,TER,BERT-P,BERT-R,BERT-F1,METEOR,COMET,CHRF<10
30.035833846265433,42.77967724685014,41.66754750509042,156.287479840421,0.789165623486042,0.8287084132432938,0.8060268175601959,0.4481470491582529,0.7090292626619339,18.0
