BLEU,CHRF,CHRF++,TER,BERT-P,BERT-R,BERT-F1,METEOR,COMET,CHRF<10
35.02266713450911,50.188588173295685,48.707974674145625,183.4488275613276,0.7227153217792511,0.7972861006855965,0.7507923284173011,0.43392941774592203,0.7200913235545159,10.0
