BLEU,CHRF,CHRF++,TER,BERT-P,BERT-R,BERT-F1,METEOR,CHRF<10,COMET
15.465208933886926,38.63163231919578,38.15250124311204,109.05263157894738,0.789168119430542,0.8287166357040405,0.8060318231582642,0.4481470491582526,18,0.7090292626619339
