BLEU,CHRF,CHRF++,TER,BERT-P,BERT-R,BERT-F1,METEOR,COMET,CHRF<10
39.943383830171925,44.527875914165115,44.77232338518982,242.4545094396488,0.7791686594486237,0.8350194758176803,0.8028726756572724,0.4650586631609951,0.738265856206417,17.0
