BLEU,CHRF,CHRF++,TER,BERT-P,BERT-R,BERT-F1,METEOR,COMET,CHRF<10
6.952427123054101,33.22948023771631,27.405979195556693,78.08699929838858,0.8008910137414932,0.7996686404943466,0.7999419450759888,0.11411338167020638,0.7849291476607323,3.0
