cluster,BLEU,CHRF++,BERT-F1,COMET
1,6.646819090909378,25.830361100512476,0.7888488800902116,0.7579722898571115
0,6.436984098094196,26.389824772340802,0.790345021907021,0.7691521399161395
2,7.993075982701827,30.778219838450273,0.826650225690433,0.840671249798366
