BLEU,CHRF,CHRF++,TER,BERT-P,BERT-R,BERT-F1,METEOR,CHRF<10,COMET
11.353686375178398,34.23972562951331,29.569063933193696,68.01595508937804,0.8008871674537659,0.7996668219566345,0.7999390959739685,0.11411338167020638,3,0.7849291476607323
