BLEU,CHRF,CHRF++,TER,BERT-P,BERT-R,BERT-F1,METEOR,COMET,CHRF<10
11.7468623351603,45.094898423704954,40.596858501455934,88.79687390980627,0.7890223148465156,0.797735077738762,0.793083689212799,0.31678293782124894,0.6911425897479058,1.0
