cluster,BLEU,CHRF++,BERT-F1,COMET
1,10.316010987755757,38.90717941589846,0.7900351929037195,0.6601397402976689
0,10.30336623745699,39.66470163251533,0.7863580251441282,0.6816708585795235
2,15.441548710991912,44.02189917271182,0.8053878120013646,0.7447192732776914
