BLEU,CHRF,CHRF++,TER,BERT-P,BERT-R,BERT-F1,METEOR,CHRF<10,COMET
13.749900006744443,46.072506364909934,41.5925585174297,81.28580521960535,0.789015531539917,0.7977269887924194,0.7930762767791748,0.31678293782124883,1,0.6911425897479058
