BLEU,CHRF,CHRF++,TER,BERT-P,BERT-R,BERT-F1,METEOR,COMET,CHRF<10
14.782885119015083,22.366792307335068,20.625437145645588,154.04665472126774,0.7191297230124474,0.7224530529975891,0.7193414503335953,0.22576490022694887,0.560211353302002,46.0
