BLEU,CHRF,CHRF++,TER,BERT-P,BERT-R,BERT-F1,METEOR,CHRF<10,COMET
14.703697157438386,20.58835512561451,18.564014753695417,118.9771197846568,0.7191268801689148,0.7224461436271667,0.7193363904953003,0.22576490022694887,46,0.560211353302002
