BLEU,CHRF,CHRF++,TER,BERT-P,BERT-R,BERT-F1,METEOR,CHRF<10,COMET
11.770632738987098,30.90897376992104,28.127961716969295,104.76190476190477,0.7484951019287109,0.7534904479980469,0.7492544651031494,0.20458884549840664,22,0.6318365783989429
