BLEU,CHRF,CHRF++,TER,BERT-P,BERT-R,BERT-F1,METEOR,COMET,CHRF<10
17.197175439143244,33.54009147061772,31.616906002018908,129.68245004995003,0.7484968507289886,0.7534968215227127,0.7492581331729888,0.20458884549840659,0.6318365783989429,22.0
