BLEU,CHRF,CHRF++,TER,BERT-P,BERT-R,BERT-F1,METEOR,COMET,CHRF<10
16.775306016166635,32.86572805878049,31.132773760137106,144.08633477633478,0.7460117921233177,0.7498311138153076,0.7460296803712845,0.23286615867220817,0.6209143427014351,21.0
