BLEU,CHRF,CHRF++,TER,BERT-P,BERT-R,BERT-F1,METEOR,CHRF<10,COMET
7.328521247520374,29.956091761020165,27.8030776849159,159.61165048543688,0.8613556623458862,0.8669427633285522,0.8631682395935059,0.259093747956555,17,0.6528097209334374
