BLEU,CHRF,CHRF++,TER,BERT-P,BERT-R,BERT-F1,METEOR,CHRF<10,COMET
8.795287785962516,31.91582856905007,29.626451102703218,110.51660516605166,0.746002733707428,0.7498153448104858,0.7460172772407532,0.2328661586722081,21,0.6209143427014351
