BLEU,CHRF,CHRF++,TER,BERT-P,BERT-R,BERT-F1,METEOR,COMET,CHRF<10
21.165558971256722,36.74940756279105,35.2722142475947,247.89000444000445,0.8613715028762817,0.8669516766071319,0.8631802088022232,0.259093747956555,0.6528097209334374,17.0
