BLEU,CHRF,CHRF++,TER,BERT-P,BERT-R,BERT-F1,METEOR,COMET,CHRF<10
16.526690698074997,32.025094572696474,30.039278732157204,198.7194377844378,0.740253538787365,0.748249180316925,0.7424258673191071,0.21640022842941803,0.6209397220611572,19.0
