BLEU,CHRF,CHRF++,TER,BERT-P,BERT-R,BERT-F1,METEOR,CHRF<10,COMET
6.666469006744742,27.711994670417777,25.50375813882274,144.83394833948338,0.7402534484863281,0.7482421398162842,0.7424218654632568,0.216400228429418,19,0.6209397220611572
