BLEU,CHRF,CHRF++,TER,BERT-P,BERT-R,BERT-F1,METEOR,COMET,CHRF<10
12.627491629559975,25.207193523327074,24.449604280126092,154.85136807636806,0.7296292817592621,0.7442013967037201,0.7354188793897629,0.07614460601046658,0.556710547208786,37.0
