BLEU,CHRF,CHRF++,TER,BERT-P,BERT-R,BERT-F1,METEOR,CHRF<10,COMET
8.165439966551856,27.393988281193383,26.363874812035416,114.53154875717017,0.7296226024627686,0.7441994547843933,0.7354145646095276,0.07614460601046658,37,0.556710547208786
