BLEU,CHRF,CHRF++,TER,BERT-P,BERT-R,BERT-F1,METEOR,COMET,CHRF<10
17.444718354034357,33.261903019115096,31.069739823771855,200.33074948443374,0.7459023097157478,0.7558333593606948,0.7487763625383377,0.21893354962534073,0.628621738255024,19.0
