BLEU,CHRF,CHRF++,TER,BERT-P,BERT-R,BERT-F1,METEOR,CHRF<10,COMET
8.70255145002567,31.396237366493512,28.436871281001647,133.33333333333331,0.7458865642547607,0.7558152675628662,0.7487590312957764,0.2189335496253407,19,0.628621738255024
