BLEU,CHRF,CHRF++,TER,BERT-P,BERT-R,BERT-F1,METEOR,CHRF<10,COMET
21.6644180411782,29.726133484592776,27.76882158636643,100.95057034220531,0.7547874450683594,0.7533830404281616,0.7523667812347412,0.33671655800755934,27,0.6270912811160088
