BLEU,CHRF,CHRF++,TER,BERT-P,BERT-R,BERT-F1,METEOR,COMET,CHRF<10
21.362842546195616,30.442720568893805,29.107778553176196,128.94508824508821,0.754793581366539,0.7533996152877808,0.7523783493041992,0.33671655800755934,0.6270912811160088,27.0
