BLEU,CHRF,CHRF++,TER,BERT-P,BERT-R,BERT-F1,METEOR,COMET,CHRF<10
17.523463591867372,32.70573518005544,30.804764031098888,154.41080475080474,0.7425797674059867,0.7469211947917939,0.7427986770868301,0.2295006470150787,0.625434727370739,20.0
