BLEU,CHRF,CHRF++,TER,BERT-P,BERT-R,BERT-F1,METEOR,CHRF<10,COMET
9.577624544033478,31.789192082754404,29.14525845319757,119.81481481481482,0.7425828576087952,0.7469117641448975,0.7427954077720642,0.2295006470150787,20,0.625434727370739
