BLEU,CHRF,CHRF++,TER,BERT-P,BERT-R,BERT-F1,METEOR,CHRF<10,COMET
7.267295727219926,28.45870654285787,26.632026066303826,114.28571428571428,0.7473591566085815,0.7540095448493958,0.7488921284675598,0.30243679402351636,30,0.633130629658699
