BLEU,CHRF,CHRF++,TER,BERT-P,BERT-R,BERT-F1,METEOR,COMET,CHRF<10
16.701988321887512,29.957225445179773,28.45282656104082,155.3790515040515,0.7473732298612594,0.7540315955877304,0.748910031914711,0.30243679402351636,0.633130629658699,30.0
