BLEU,CHRF,CHRF++,TER,BERT-P,BERT-R,BERT-F1,METEOR,COMET,CHRF<10
10.399016062069,25.35921024646636,23.597288538750586,132.68740474501345,0.7149774533510208,0.7378977400064468,0.7245353385806084,0.2712859428753029,0.5867947167158127,35.0
