BLEU,CHRF,CHRF++,TER,BERT-P,BERT-R,BERT-F1,METEOR,CHRF<10,COMET
7.7634905320261485,27.797332467644374,26.334040198764686,99.41520467836257,0.7149818539619446,0.7378962635993958,0.724537193775177,0.271285942875303,35,0.5867947167158127
