BLEU,CHRF,CHRF++,TER,BERT-P,BERT-R,BERT-F1,METEOR,COMET,CHRF<10
17.432530897563275,34.35472977025012,32.912464286991636,137.45182415623594,0.6330506846308708,0.6610127747058868,0.6401444610953331,0.25257428944015303,0.6439303231239318,22.0
