BLEU,CHRF,CHRF++,TER,BERT-P,BERT-R,BERT-F1,METEOR,CHRF<10,COMET
5.909465929090458,31.497861688107566,29.504936660015563,106.62768031189086,0.6330412030220032,0.6610081195831299,0.6401374936103821,0.2525742894401531,22,0.6439303231239318
