BLEU,CHRF,CHRF++,TER,BERT-P,BERT-R,BERT-F1,METEOR,CHRF<10,COMET
11.194655611333431,30.777561010855237,29.28617834974378,141.56928213689483,0.7029249668121338,0.7352842688560486,0.7146226763725281,0.3649934171907154,26,0.6319355030357837
