BLEU,CHRF,CHRF++,TER,BERT-P,BERT-R,BERT-F1,METEOR,COMET,CHRF<10
19.874958092733895,32.83650509919405,31.620762918446953,194.12199050949053,0.7029363712668419,0.7352961686253547,0.7146343117952347,0.3649934171907154,0.6319355030357837,26.0
