cluster,BLEU,CHRF++,BERT-F1,COMET
1,8.056725766033496,36.494179946111046,0.7315357876451392,0.62266427905936
0,11.889039768447354,41.06840043537297,0.7580227764213786,0.6690161859287935
2,10.395730929765483,44.333107209082314,0.7679672709533146,0.7100461104086467
