cluster,BLEU,CHRF++,BERT-F1,COMET
0,12.910011055984386,40.70584220955145,0.7764513550185356,0.6681792449300028
1,11.113260124403695,37.89033097467493,0.7628872304930722,0.6232549160494841
2,18.22371159857797,45.37565550193417,0.8015378561555122,0.7231542782820001
