BLEU,CHRF,CHRF++,TER,BERT-P,BERT-R,BERT-F1,METEOR,COMET,CHRF<10
12.469057790221905,19.834078705553953,18.306084840317702,349.01210317460317,0.6711589205265045,0.7187752801179886,0.6925165489315986,0.2540770828132633,0.49710895121097565,37.0
