BLEU,CHRF,CHRF++,TER,BERT-P,BERT-R,BERT-F1,METEOR,CHRF<10,COMET
11.977420853823578,21.225614281829337,19.86630039432739,213.74045801526717,0.6711616516113281,0.7187690734863281,0.6925153136253357,0.25407708281326324,37,0.49710895121097565
