BLEU,CHRF,CHRF++,TER,BERT-P,BERT-R,BERT-F1,METEOR,COMET,CHRF<10
9.835216082482413,25.113744445390694,23.738154119801997,335.9911574536575,0.6736593398451806,0.7349477714300156,0.7010436102747917,0.19558285079787344,0.49361982956528666,37.0
