BLEU,CHRF,CHRF++,TER,BERT-P,BERT-R,BERT-F1,METEOR,CHRF<10,COMET
6.2027522475389265,23.522984902795997,22.863119118798426,199.1869918699187,0.6736637949943542,0.7349435687065125,0.7010441422462463,0.19558285079787344,37,0.49361982956528666
