BLEU,CHRF,CHRF++,TER,BERT-P,BERT-R,BERT-F1,METEOR,CHRF<10,COMET
5.545437719351743,24.941511812928066,24.20131902636502,231.41025641025644,0.8328897953033447,0.8638669848442078,0.8474544286727905,0.24894424987955488,32,0.5298068414628506
