BLEU,CHRF,CHRF++,TER,BERT-P,BERT-R,BERT-F1,METEOR,CHRF<10,COMET
4.895238432880924,25.39560404624563,23.94570382092096,237.6,0.6774160861968994,0.7350625395774841,0.7034323215484619,0.2164469924273612,38,0.4967919182777405
