BLEU,CHRF,CHRF++,TER,BERT-P,BERT-R,BERT-F1,METEOR,COMET,CHRF<10
12.409248850561042,28.13499955451781,27.239949191839468,374.971361971362,0.8328899878263474,0.8638724333047867,0.847457326054573,0.24894424987955488,0.5298068414628506,32.0
