BLEU,CHRF,CHRF++,TER,BERT-P,BERT-R,BERT-F1,METEOR,COMET,CHRF<10
10.145871240791049,26.166105894866515,24.412529973461115,410.6946178821179,0.6774105525016785,0.7350663709640503,0.703431291282177,0.21644699242736126,0.4967919182777405,38.0
