BLEU,CHRF,CHRF++,TER,BERT-P,BERT-R,BERT-F1,METEOR,COMET,CHRF<10
11.190567299886304,26.09250338100298,24.76878268082505,400.82034215784216,0.6811277347803116,0.7408281683921814,0.707965766787529,0.23066190390514751,0.49914529323577883,33.0
