BLEU,CHRF,CHRF++,TER,BERT-P,BERT-R,BERT-F1,METEOR,CHRF<10,COMET
5.284814305188655,24.424365822167083,23.50820232350408,231.66332665330663,0.6811308860778809,0.740826427936554,0.707966685295105,0.23066190390514746,33,0.49914529323577883
