BLEU,CHRF,CHRF++,TER,BERT-P,BERT-R,BERT-F1,METEOR,CHRF<10,COMET
4.485849259205628,19.45180895348645,18.74345500992983,227.25366876310272,0.6690821647644043,0.7272347211837769,0.6950985789299011,0.04992538152684195,50,0.44870540469884873
