BLEU,CHRF,CHRF++,TER,BERT-P,BERT-R,BERT-F1,METEOR,COMET,CHRF<10
6.260057021326699,17.30179241763676,16.57938662158726,366.76116383616386,0.6690860757231712,0.7272338664531708,0.6951000773906708,0.04992538152684195,0.44870540469884873,50.0
