BLEU,CHRF,CHRF++,TER,BERT-P,BERT-R,BERT-F1,METEOR,COMET,CHRF<10
9.714723139578938,25.66506830455134,24.010146603605754,398.76674297924296,0.6792253828048707,0.7400282526016235,0.7065500009059906,0.2071371353330174,0.5053628784418106,29.0
