BLEU,CHRF,CHRF++,TER,BERT-P,BERT-R,BERT-F1,METEOR,CHRF<10,COMET
4.550372717408664,22.716041006855335,21.806281137650473,239.8390342052314,0.6792347431182861,0.7400352954864502,0.7065579295158386,0.20713713533301747,29,0.5053628784418106
