BLEU,CHRF,CHRF++,TER,BERT-P,BERT-R,BERT-F1,METEOR,CHRF<10,COMET
13.806144499802503,25.535323973556466,24.470113742083196,251.35135135135135,0.6764562129974365,0.7354745268821716,0.7027440667152405,0.24746660622799155,43,0.5051617367565632
