BLEU,CHRF,CHRF++,TER,BERT-P,BERT-R,BERT-F1,METEOR,COMET,CHRF<10
11.35684998104687,23.045060067963476,21.87514124624521,399.18966588966583,0.6764477762579918,0.7354706346988678,0.7027375376224518,0.24746660622799152,0.5051617367565632,43.0
