BLEU,CHRF,CHRF++,TER,BERT-P,BERT-R,BERT-F1,METEOR,COMET,CHRF<10
12.910227472625433,22.503662162430842,21.253130054837367,299.29929376179376,0.6937435567378998,0.7389203345775605,0.7139307975769043,0.26159432547662503,0.5059179678559304,47.0
