BLEU,CHRF,CHRF++,TER,BERT-P,BERT-R,BERT-F1,METEOR,CHRF<10,COMET
14.43576460217753,27.366014217102514,25.376908471902897,177.84552845528455,0.6937419176101685,0.7389212250709534,0.7139301896095276,0.26159432547662503,47,0.5059179678559304
