BLEU,CHRF,CHRF++,TER,BERT-P,BERT-R,BERT-F1,METEOR,CHRF<10,COMET
4.718436542115243,23.672943388529927,22.67703133776034,239.15662650602408,0.678520679473877,0.7371280193328857,0.7049936056137085,0.21703045314286434,34,0.5036098550260067
