BLEU,CHRF,CHRF++,TER,BERT-P,BERT-R,BERT-F1,METEOR,COMET,CHRF<10
11.323594783523868,27.024383649819164,25.38744921044111,401.3224150849151,0.6785156634449959,0.7371207404136658,0.7049878174066544,0.21703045314286434,0.5036098550260067,34.0
