BLEU,CHRF,CHRF++,TER,BERT-P,BERT-R,BERT-F1,METEOR,COMET,CHRF<10
10.34070613716259,21.994739795314107,21.07003383469372,341.38457792207794,0.6715768957138062,0.7331247395277023,0.6990547659993172,0.2720219619772116,0.5043812173604966,44.0
