BLEU,CHRF,CHRF++,TER,BERT-P,BERT-R,BERT-F1,METEOR,CHRF<10,COMET
6.603430507686978,21.043993019473486,20.482333565043646,212.0240480961924,0.6715766191482544,0.7331295013427734,0.6990569233894348,0.2720219619772117,44,0.5043812173604966
