BLEU,CHRF,CHRF++,TER,BERT-P,BERT-R,BERT-F1,METEOR,CHRF<10,COMET
9.406785997671516,21.445540371453887,21.660665398110144,165.2263374485597,0.6565260291099548,0.7287687063217163,0.688852846622467,0.2911483271533305,45,0.488439035564661
