BLEU,CHRF,CHRF++,TER,BERT-P,BERT-R,BERT-F1,METEOR,COMET,CHRF<10
11.577211301166066,27.890863319710547,26.464288161182512,350.8917832167833,0.5363911366462708,0.6426041811704636,0.5772568011283874,0.20730051124431434,0.5295305332541466,34.0
