BLEU,CHRF,CHRF++,TER,BERT-P,BERT-R,BERT-F1,METEOR,COMET,CHRF<10
11.789202291637794,22.383984566240365,22.00410655033977,276.15060078810075,0.6565205308794976,0.7287618327140808,0.6888463896512985,0.29114832715333056,0.488439035564661,45.0
