BLEU,CHRF,CHRF++,TER,BERT-P,BERT-R,BERT-F1,METEOR,CHRF<10,COMET
5.231004603103004,25.563706203827806,24.304608112592614,213.107822410148,0.5363864898681641,0.6426011919975281,0.577252984046936,0.2073005112443144,34,0.5295305332541466
