BLEU,CHRF,CHRF++,TER,BERT-P,BERT-R,BERT-F1,METEOR,CHRF<10,COMET
20.933802263101956,49.568728803433345,49.21077210520082,113.39805825242719,0.8829364776611328,0.9103295803070068,0.8955650925636292,0.5004373357068708,5,0.7453650316596031
