BLEU,CHRF,CHRF++,TER,BERT-P,BERT-R,BERT-F1,METEOR,COMET,CHRF<10
27.931606628858102,45.69400643058405,45.19660794620434,180.23535464535465,0.7949588233232499,0.8440164667367935,0.8167510163784027,0.4515883050965062,0.7093120473623276,7.0
