BLEU,CHRF,CHRF++,TER,BERT-P,BERT-R,BERT-F1,METEOR,COMET,CHRF<10
23.895877837366555,40.74556366239528,40.37753815774136,177.76193084693085,0.7792034211754799,0.8285628235340119,0.800875654220581,0.41433718827780985,0.6945799648761749,7.0
