BLEU,CHRF,CHRF++,TER,BERT-P,BERT-R,BERT-F1,METEOR,COMET,CHRF<10
24.074695507589617,41.969547616630365,41.24340162770258,202.64274120616224,0.7830805563926697,0.8334427595138549,0.805098562836647,0.40573325750872746,0.7091510650515557,9.0
