BLEU,CHRF,CHRF++,TER,BERT-P,BERT-R,BERT-F1,METEOR,COMET,CHRF<10
25.500909095285113,43.902820370471034,43.23147822216066,177.96870185370182,0.7862051856517792,0.8375328367948532,0.8089313298463822,0.4215442011404107,0.7076506197452546,10.0
