BLEU,CHRF,CHRF++,TER,BERT-P,BERT-R,BERT-F1,METEOR,COMET,CHRF<10
17.64380842414098,33.92523440642563,34.33857922459458,135.63505600679514,0.7523800581693649,0.8040149170160293,0.7740913271903992,0.4215332656770902,0.6436401256918907,23.0
