BLEU,CHRF,CHRF++,TER,BERT-P,BERT-R,BERT-F1,METEOR,CHRF<10,COMET
14.33432486240785,41.89984844848045,41.71429927969441,166.4440734557596,0.6981107592582703,0.7778410911560059,0.731330156326294,0.48465523481408057,17,0.6526291319727897
