cluster,BLEU,CHRF++,BERT-F1,COMET
1,11.768862230489294,40.94673221574295,0.7401971409195348,0.5927775353193283
0,13.17407920255112,42.86518350286627,0.7527092484866872,0.6465717150884516
2,15.98378073047273,47.28592702492897,0.7788885576384408,0.7078412175178528
