BLEU,CHRF,CHRF++,TER,BERT-P,BERT-R,BERT-F1,METEOR,COMET,CHRF<10
13.426813180985677,49.618793971844774,43.37398019993695,99.02715742911059,0.7449069118499756,0.7672808706760407,0.7552848541736603,0.35802732572191087,0.6432853874564171,0.0
