BLEU,CHRF,CHRF++,TER,BERT-P,BERT-R,BERT-F1,METEOR,CHRF<10,COMET
15.12427860677029,50.782905217887055,44.68682258908474,84.57589285714285,0.7449046969413757,0.7672787308692932,0.7552826404571533,0.358027325721911,0,0.6432853874564171
