cluster,BLEU,CHRF++,BERT-F1,COMET
1,18.20888598975933,46.539872180888175,0.8000383659412986,0.7218089993847044
0,25.219862359562523,53.01692781848648,0.8217776312547571,0.7475341426975587
2,26.66129111929422,53.7337824656971,0.8309307673147747,0.8041621276310512
