BLEU,CHRF,CHRF++,TER,BERT-P,BERT-R,BERT-F1,METEOR,COMET,CHRF<10
22.959291391762182,55.017025594638525,50.756365977418106,77.19764231655397,0.8121382993459701,0.8212087941169739,0.8160795885324478,0.45892633363971397,0.753614424020052,3.0
