BLEU,CHRF,CHRF++,TER,BERT-P,BERT-R,BERT-F1,METEOR,CHRF<10,COMET
26.499264430481958,56.78912712255043,52.44221352481879,69.6272630457934,0.8121351599693298,0.8212054371833801,0.8160763382911682,0.45892633363971397,3,0.753614424020052
