BLEU,CHRF,CHRF++,TER,BERT-P,BERT-R,BERT-F1,METEOR,CHRF<10,COMET
17.30171757439831,49.76315632040226,45.66610831301454,111.36380583103423,0.8562725782394409,0.891168475151062,0.8728813529014587,0.509125758341224,32,0.6558048079907894
