BLEU,CHRF,CHRF++,TER,BERT-P,BERT-R,BERT-F1,METEOR,COMET,CHRF<10
22.072224689841306,48.58407108616366,44.645368510402484,138.27509669018363,0.856270696759224,0.8911675043106079,0.8728798302412033,0.509125758341224,0.6558048079907894,32.0
