cluster,BLEU,CHRF++,BERT-F1,COMET
0,19.768457602574188,45.37135512645375,0.8032447057110923,0.6966493486606774
1,16.917228157643102,43.05856876085089,0.7942089194193818,0.6741994990778147
2,25.237915927893198,50.290214022394686,0.8265473392544961,0.7593025010155172
