BLEU,CHRF,CHRF++,TER,BERT-P,BERT-R,BERT-F1,METEOR,CHRF<10,COMET
16.621402229332553,50.613245690331574,46.92701143276089,136.8950861233316,0.8465616703033447,0.8912066221237183,0.8675760626792908,0.4921470285555705,65,0.6215212976038456
