BLEU,CHRF,CHRF++,TER,BERT-P,BERT-R,BERT-F1,METEOR,COMET,CHRF<10
20.508520816261917,46.14475190540253,42.65834239363264,188.87245345166255,0.8465654910206795,0.8912060840725898,0.8675780656933785,0.4921470285555699,0.6215212976038456,65.0
