BLEU,CHRF,CHRF++,TER,BERT-P,BERT-R,BERT-F1,METEOR,COMET,CHRF<10
32.88803483099396,45.760153875374364,44.32037869659452,204.22558362689938,0.7906880700588226,0.8101130950450898,0.7976496988534927,0.4317583368419131,0.6674360147118569,16.0
