BLEU,CHRF,CHRF++,TER,BERT-P,BERT-R,BERT-F1,METEOR,CHRF<10,COMET
24.623855449288012,49.294427139179575,48.61762705584065,96.59735349716446,0.7967774868011475,0.8279749155044556,0.809967577457428,0.5314113516946485,10,0.7084795141220093
