BLEU,CHRF,CHRF++,TER,BERT-P,BERT-R,BERT-F1,METEOR,COMET,CHRF<10
54.28392455856994,66.55961063586844,66.28842903167741,137.4604283143757,0.8945864355564117,0.9156597810983658,0.90426886677742,0.6496627994242694,0.7865303924679756,7.0
