BLEU,CHRF,CHRF++,TER,BERT-P,BERT-R,BERT-F1,METEOR,CHRF<10,COMET
33.27294043830129,61.544092756949375,61.48919816327679,90.61913696060037,0.8945713639259338,0.9156489372253418,0.9042556285858154,0.6496627994242692,7,0.7865303924679756
