BLEU,CHRF,CHRF++,TER,BERT-P,BERT-R,BERT-F1,METEOR,COMET,CHRF<10
42.329516024490395,54.78878005569394,53.41250592312376,154.91789394815711,0.831054140329361,0.8532843124866486,0.8395604759454727,0.5287724260712724,0.7179404467344284,14.0
