BLEU,CHRF,CHRF++,TER,BERT-P,BERT-R,BERT-F1,METEOR,CHRF<10,COMET
24.28459477577841,51.00267774993251,50.16359621597125,100.36900369003689,0.8310408592224121,0.8532731533050537,0.8395488262176514,0.5287724260712723,14,0.7179404467344284
