BLEU,CHRF,CHRF++,TER,BERT-P,BERT-R,BERT-F1,METEOR,CHRF<10,COMET
18.187982365839403,35.575086646426946,33.9521903198179,102.29709035222052,0.7552605271339417,0.7836189866065979,0.7661106586456299,0.3622516971494178,23,0.6977060806751251
