BLEU,CHRF,CHRF++,TER,BERT-P,BERT-R,BERT-F1,METEOR,COMET,CHRF<10
36.85304033098199,49.55535928962533,48.988682446698114,190.4157503315398,0.6713181075453758,0.7508009186387062,0.7017667773365974,0.47157846845461565,0.7059814321994782,15.0
