BLEU,CHRF,CHRF++,TER,BERT-P,BERT-R,BERT-F1,METEOR,CHRF<10,COMET
13.74622392668597,37.363950719470544,36.79052661460885,108.81763527054109,0.7674325704574585,0.8072999715805054,0.7848503589630127,0.4147919933946688,15,0.6537993445992469
