BLEU,CHRF,CHRF++,TER,BERT-P,BERT-R,BERT-F1,METEOR,COMET,CHRF<10
23.309518772375537,37.66358195632801,36.039788824465866,175.02692789666474,0.7674358016252518,0.8073102807998658,0.7848569911718368,0.4147919933946687,0.6537993445992469,15.0
