BLEU,CHRF,CHRF++,TER,BERT-P,BERT-R,BERT-F1,METEOR,COMET,CHRF<10
36.35322068392941,45.17220622222716,42.889894842740375,193.2823112559955,0.761404624581337,0.8377953368425369,0.7940496554970742,0.4691409990465645,0.7358974045515061,12.0
