BLEU,CHRF,CHRF++,TER,BERT-P,BERT-R,BERT-F1,METEOR,CHRF<10,COMET
19.80159731286887,36.692652792145275,36.9110992856707,134.77124183006538,0.7614063024520874,0.8377981781959534,0.7940519452095032,0.4691409990465643,12,0.7358974045515061
