BLEU,CHRF,CHRF++,TER,BERT-P,BERT-R,BERT-F1,METEOR,COMET,CHRF<10
44.991714085419375,44.997491450339155,40.924238092511246,49.72920380443892,0.8211085822159078,0.8017145640406258,0.8097879129312772,0.2831262257092827,0.8082328601316973,41.0
