BLEU,CHRF,CHRF++,TER,BERT-P,BERT-R,BERT-F1,METEOR,CHRF<10,COMET
30.89099870219549,28.716478973971405,24.62576737523654,50.11600928074246,0.8211039900779724,0.80171138048172,0.8097840547561646,0.2831262257092827,41,0.8082328601316973
