BLEU,CHRF,CHRF++,TER,BERT-P,BERT-R,BERT-F1,METEOR,CHRF<10,COMET
57.124308966269595,55.024655658146926,48.52745758934654,34.968625213919,0.8710781335830688,0.858040452003479,0.8632961511611938,0.513165824807181,19,0.8593310795689081
