BLEU,CHRF,CHRF++,TER,BERT-P,BERT-R,BERT-F1,METEOR,COMET,CHRF<10
53.563261688423694,54.400223875552115,51.4134764875728,41.56629445635432,0.8710839282279896,0.8580476554084163,0.8633025496209402,0.513165824807181,0.8593310795689081,19.0
