BLEU,CHRF,CHRF++,TER,BERT-P,BERT-R,BERT-F1,METEOR,CHRF<10,COMET
36.3427097682351,31.70789101747201,26.556727245683952,48.40357598978289,0.8182729482650757,0.8022246360778809,0.8084927201271057,0.33442142705183847,36,0.798469674830534
