BLEU,CHRF,CHRF++,TER,BERT-P,BERT-R,BERT-F1,METEOR,COMET,CHRF<10
36.6438952975007,33.55974596014567,29.58496991408124,52.93153381245192,0.8182693123817444,0.8022228379030617,0.8084901090787382,0.33442142705183836,0.798469674830534,36.0
