BLEU,CHRF,CHRF++,TER,BERT-P,BERT-R,BERT-F1,METEOR,COMET,CHRF<10
31.250053650287928,44.12490949605401,40.46470759330234,78.10145206742064,0.8955170942850762,0.8995185403923713,0.897003160097212,0.42062457493191896,0.7568359832176987,28.0
