BLEU,CHRF,CHRF++,TER,BERT-P,BERT-R,BERT-F1,METEOR,CHRF<10,COMET
13.458432133270891,44.325659067724104,40.016502613207855,73.44877344877345,0.8955037593841553,0.8995041251182556,0.8969895243644714,0.42062457493191907,28,0.7568359832176987
