BLEU,CHRF,CHRF++,TER,BERT-P,BERT-R,BERT-F1,METEOR,COMET,CHRF<10
36.10633513145347,36.81507632411263,33.6567778419545,70.17192220861877,0.8619056433439255,0.846958734691143,0.8537505322694778,0.42889027400786134,0.8481119066476822,48.0
