BLEU,CHRF,CHRF++,TER,BERT-P,BERT-R,BERT-F1,METEOR,CHRF<10,COMET
20.169638737512173,25.134949727021137,21.1880340408051,55.61357702349869,0.8619013428688049,0.846955418586731,0.8537464737892151,0.4288902740078611,48,0.8481119066476822
