BLEU,CHRF,CHRF++,TER,BERT-P,BERT-R,BERT-F1,METEOR,CHRF<10,COMET
13.371081369660986,23.49557513512085,21.487036781990504,97.88732394366197,0.8295570015907288,0.8274291753768921,0.8280968070030212,0.27747380471082855,56,0.7679805229691898
