BLEU,CHRF,CHRF++,TER,BERT-P,BERT-R,BERT-F1,METEOR,COMET,CHRF<10
27.16543107499078,31.20246633356912,28.372091446653165,102.09337068160596,0.8295580849928015,0.8274352445321924,0.8281005291377797,0.2774738047108286,0.7679805229691898,56.0
