BLEU,CHRF,CHRF++,TER,BERT-P,BERT-R,BERT-F1,METEOR,COMET,CHRF<10
29.46007077224031,45.792045015346474,43.61972349169277,139.46053716776487,0.8138751339912415,0.8320618259906769,0.8216311401128769,0.4835161644393178,0.7053787755966187,13.0
