BLEU,CHRF,CHRF++,TER,BERT-P,BERT-R,BERT-F1,METEOR,CHRF<10,COMET
28.07463084980973,53.05555060763522,49.83608346463184,82.89611752360966,0.8138700723648071,0.8320550322532654,0.8216250538825989,0.48351616443931766,13,0.7053787755966187
