BLEU,CHRF,CHRF++,TER,BERT-P,BERT-R,BERT-F1,METEOR,COMET,CHRF<10
36.52789308683718,61.35711039234591,58.28727163864362,120.79812509790125,0.8440071976184845,0.870839821100235,0.8562709212303161,0.5198851061884461,0.7762187451124192,1.0
