BLEU,CHRF,CHRF++,TER,BERT-P,BERT-R,BERT-F1,METEOR,CHRF<10,COMET
22.410756589033497,63.015869961361204,58.41584983144209,80.75980392156863,0.8440000414848328,0.8708333373069763,0.856264054775238,0.5198851061884461,1,0.7762187451124192
