BLEU,CHRF,CHRF++,TER,BERT-P,BERT-R,BERT-F1,METEOR,COMET,CHRF<10
42.39668542226121,63.67240539253941,61.34904668333028,123.68802066273862,0.8523345530033112,0.8811168307065964,0.8652077609300614,0.5940930203668275,0.7798248597979546,3.0
