BLEU,CHRF,CHRF++,TER,BERT-P,BERT-R,BERT-F1,METEOR,CHRF<10,COMET
32.17885847032164,66.74660317265842,63.724767613796196,69.23076923076923,0.8523333072662354,0.8811126947402954,0.8652050495147705,0.5940930203668272,3,0.7798248597979546
