BLEU,CHRF,CHRF++,TER,BERT-P,BERT-R,BERT-F1,METEOR,CHRF<10,COMET
33.52249590209728,67.17624586072155,64.0650317970108,78.29787234042553,0.8511339426040649,0.8843764662742615,0.8664398193359375,0.5900730894855437,3,0.772179049551487
