BLEU,CHRF,CHRF++,TER,BERT-P,BERT-R,BERT-F1,METEOR,COMET,CHRF<10
43.739646758660356,64.83401009802945,62.34194217855048,123.9940492564178,0.8511362278461456,0.8843711179494858,0.8664385783672333,0.5900730894855437,0.772179049551487,3.0
