BLEU,CHRF,CHRF++,TER,BERT-P,BERT-R,BERT-F1,METEOR,CHRF<10,COMET
25.958263058680412,50.46476454897652,48.89057140636151,80.15350877192982,0.7955516576766968,0.8237372040748596,0.8084785342216492,0.21836707594721763,20,0.6452400040626526
