BLEU,CHRF,CHRF++,TER,BERT-P,BERT-R,BERT-F1,METEOR,COMET,CHRF<10
25.900276426435187,42.204240486655934,41.07525638682143,138.286001935448,0.7955593568086624,0.8237489473819732,0.8084881025552749,0.21836707594721763,0.6452400040626526,20.0
