BLEU,CHRF,CHRF++,TER,BERT-P,BERT-R,BERT-F1,METEOR,CHRF<10,COMET
29.4199393751122,64.8947464893892,61.58785501359002,72.45119305856834,0.8451102375984192,0.8722760677337646,0.8574432134628296,0.5443701582767353,5,0.7789575245976448
