BLEU,CHRF,CHRF++,TER,BERT-P,BERT-R,BERT-F1,METEOR,COMET,CHRF<10
37.80141284242231,61.26121912680605,58.261949178635966,125.02416115519365,0.8451159793138504,0.8722773426771164,0.8574468630552292,0.5443701582767353,0.7789575245976448,5.0
