BLEU,CHRF,CHRF++,TER,BERT-P,BERT-R,BERT-F1,METEOR,CHRF<10,COMET
21.614499875159495,40.29701256840294,38.24176094181437,87.62886597938144,0.7942191958427429,0.8192138671875,0.8053766489028931,0.48178544577512744,8,0.7389339745044708
