BLEU,CHRF,CHRF++,TER,BERT-P,BERT-R,BERT-F1,METEOR,COMET,CHRF<10
26.97844411581577,41.89280777905438,39.423359726684104,142.9864918781449,0.7942285883426666,0.819219519495964,0.8053841727972031,0.4817854457751277,0.7389339745044708,8.0
