BLEU,CHRF,CHRF++,TER,BERT-P,BERT-R,BERT-F1,METEOR,COMET,CHRF<10
30.234896430051318,43.60926257298444,42.696164014258066,135.8825733593053,0.8090521746873856,0.8414993250370025,0.8235876595973969,0.5003271564067538,0.7357201436161995,6.0
