BLEU,CHRF,CHRF++,TER,BERT-P,BERT-R,BERT-F1,METEOR,CHRF<10,COMET
24.46905693425894,41.932544897554195,41.13506852430094,90.83619702176404,0.8090582489967346,0.8415036201477051,0.8235926628112793,0.5003271564067538,6,0.7357201436161995
