BLEU,CHRF,CHRF++,TER,BERT-P,BERT-R,BERT-F1,METEOR,CHRF<10,COMET
29.639767454599905,63.77283064503987,60.3402425976487,65.8119658119658,0.8484658002853394,0.8756482601165771,0.8608595132827759,0.5670518045440883,2,0.7819573542475701
