BLEU,CHRF,CHRF++,TER,BERT-P,BERT-R,BERT-F1,METEOR,COMET,CHRF<10
40.65077623747269,61.2063436701066,58.68082301707694,117.684379729962,0.8484733873605728,0.8756535810232162,0.8608659946918488,0.5670518045440883,0.7819573542475701,2.0
