BLEU,CHRF,CHRF++,TER,BERT-P,BERT-R,BERT-F1,METEOR,COMET,CHRF<10
32.319463942163644,50.84641232062872,48.861297758410394,129.404275828253,0.8172191840410232,0.8430885869264603,0.8287030470371246,0.5332422198909257,0.7554067426919937,8.0
