BLEU,CHRF,CHRF++,TER,BERT-P,BERT-R,BERT-F1,METEOR,CHRF<10,COMET
27.075542789553243,55.75657303599557,52.874717821442474,77.07150964812712,0.8172153234481812,0.8430927991867065,0.828702986240387,0.5332422198909252,8,0.7554067426919937
