BLEU,CHRF,CHRF++,TER,BERT-P,BERT-R,BERT-F1,METEOR,COMET,CHRF<10
35.986814386954165,59.32729910315731,57.06985456793376,130.78399812822244,0.761842375099659,0.8139558032155036,0.7824932512640953,0.5146662017353753,0.7691109409928322,3.0
