BLEU,CHRF,CHRF++,TER,BERT-P,BERT-R,BERT-F1,METEOR,CHRF<10,COMET
22.146120988588585,52.76364296275171,48.113242949331045,93.14128943758574,0.8156022429466248,0.8367860317230225,0.8244227766990662,0.512984984025382,8,0.750241148173809
