BLEU,CHRF,CHRF++,TER,BERT-P,BERT-R,BERT-F1,METEOR,CHRF<10,COMET
28.686788114166955,62.05620195594443,58.81585213151861,74.48512585812357,0.7618451118469238,0.8139584064483643,0.7824960350990295,0.514666201735375,3,0.7691109409928322
