BLEU,CHRF,CHRF++,TER,BERT-P,BERT-R,BERT-F1,METEOR,COMET,CHRF<10
28.466793246268242,49.146086516199446,45.96590050066336,144.165522727966,0.8156053113937378,0.8367879778146744,0.8244253849983215,0.512984984025382,0.750241148173809,8.0
