BLEU,CHRF,CHRF++,TER,BERT-P,BERT-R,BERT-F1,METEOR,CHRF<10,COMET
42.7714681603389,56.08026529329687,52.97751045096262,64.84055600981193,0.822553277015686,0.852505624294281,0.8344868421554565,0.5781741012322965,9,0.7809050580859185
