BLEU,CHRF,CHRF++,TER,BERT-P,BERT-R,BERT-F1,METEOR,COMET,CHRF<10
43.243320212758114,54.77048180051243,52.13894218671561,137.67561376507308,0.8225579318404198,0.8525089919567108,0.8344912746548653,0.5781741012322965,0.7809050580859185,9.0
