cluster,BLEU,CHRF++,BERT-F1,COMET
1,3.5639027884707284,17.59562090847717,0.7448042191957173,0.6936691254377365
0,4.030401623785425,22.03431787717363,0.769703118240132,0.7618223463787752
2,5.658611042798657,26.70569978454346,0.7990586800234658,0.8120214598519462
