BLEU,CHRF,CHRF++,TER,BERT-P,BERT-R,BERT-F1,METEOR,COMET,CHRF<10
4.309030703689545,26.96547960644945,21.65559996313253,95.41472672787097,0.7650753426551818,0.7728595548868179,0.7684610939025879,0.07016908622262179,0.7499798741936684,5.0
