BLEU,CHRF,CHRF++,TER,BERT-P,BERT-R,BERT-F1,METEOR,CHRF<10,COMET
7.066150205586767,29.10014571725348,24.605668256312427,76.98330624907668,0.7650734782218933,0.7728573679924011,0.768459141254425,0.07016908622262179,5,0.7499798741936684
