BLEU,CHRF,CHRF++,TER,BERT-P,BERT-R,BERT-F1,METEOR,CHRF<10,COMET
28.550115857259122,32.64006999910066,31.573401032802884,108.8829071332436,0.7398199439048767,0.7650067210197449,0.7507481575012207,0.4000117368554529,34,0.6153238090872765
