BLEU,CHRF,CHRF++,TER,BERT-P,BERT-R,BERT-F1,METEOR,COMET,CHRF<10
21.011951061608524,29.787350792617616,27.866392629806125,157.51761493150812,0.7398298999667168,0.7650167858600616,0.7507583284378052,0.400011736855453,0.6153238090872765,34.0
