BLEU,CHRF,CHRF++,TER,BERT-P,BERT-R,BERT-F1,METEOR,COMET,CHRF<10
25.584672546195335,45.219864229664196,44.951862251175534,182.0572943722943,0.7783646485209466,0.8382764905691147,0.8048595535755158,0.43398646642210387,0.7076898327469826,8.0
