BLEU,CHRF,CHRF++,TER,BERT-P,BERT-R,BERT-F1,METEOR,CHRF<10,COMET
21.895624606696337,45.77328091031617,45.13206818785874,120.66420664206643,0.7949621677398682,0.8440180420875549,0.816753625869751,0.4515883050965062,7,0.7093120473623276
