BLEU,CHRF,CHRF++,TER,BERT-P,BERT-R,BERT-F1,METEOR,CHRF<10,COMET
20.178223161249058,41.63683896605301,41.333521833648774,114.20664206642066,0.7792026996612549,0.8285630941390991,0.8008752465248108,0.4143371882778098,7,0.6945799648761749
