BLEU,CHRF,CHRF++,TER,BERT-P,BERT-R,BERT-F1,METEOR,CHRF<10,COMET
12.388717486756722,30.026970121461165,30.81010414257335,136.7112810707457,0.7417240738868713,0.790747880935669,0.7638728618621826,0.1337615079148947,32,0.6006279030442238
