BLEU,CHRF,CHRF++,TER,BERT-P,BERT-R,BERT-F1,METEOR,CHRF<10,COMET
21.012886240086186,42.607846326962246,41.93498399833546,119.92551210428306,0.7830804586410522,0.8334398865699768,0.8050965666770935,0.4057332575087274,9,0.7091510650515557
