BLEU,CHRF,CHRF++,TER,BERT-P,BERT-R,BERT-F1,METEOR,COMET,CHRF<10
30.61939887018765,42.84582872845256,42.47362445670683,155.1896192043251,0.7802164942026139,0.8231037378311157,0.799152340888977,0.5577867341660707,0.7042398422956466,16.0
