BLEU,CHRF,CHRF++,TER,BERT-P,BERT-R,BERT-F1,METEOR,CHRF<10,COMET
30.77984124280241,48.69320243235503,47.81136145334256,105.89353612167301,0.780221700668335,0.823106050491333,0.7991558909416199,0.5577867341660707,16,0.7042398422956466
