BLEU,CHRF,CHRF++,TER,BERT-P,BERT-R,BERT-F1,METEOR,CHRF<10,COMET
21.71257837928034,45.51601069387339,44.66683395496837,115.18518518518519,0.7862009406089783,0.8375311493873596,0.808927595615387,0.4215442011404105,10,0.7076506197452546
