BLEU,CHRF,CHRF++,TER,BERT-P,BERT-R,BERT-F1,METEOR,CHRF<10,COMET
15.921341556013363,36.31517820363794,36.592113453013795,111.8421052631579,0.7598313093185425,0.8070212602615356,0.7805807590484619,0.3950527113916762,17,0.6833669424057007
