BLEU,CHRF,CHRF++,TER,BERT-P,BERT-R,BERT-F1,METEOR,COMET,CHRF<10
17.482418784281496,34.40274013419893,33.73464814839305,166.2379592629593,0.759844817519188,0.8070419836044311,0.7805977830290795,0.3950527113916764,0.6833669424057007,17.0
