BLEU,CHRF,CHRF++,TER,BERT-P,BERT-R,BERT-F1,METEOR,COMET,CHRF<10
25.235831918553863,43.93494133290414,43.78335359079661,170.87738127885183,0.674974318742752,0.7756333836913109,0.7148493018746376,0.48603159335617435,0.7022782278060913,12.0
