BLEU,CHRF,CHRF++,TER,BERT-P,BERT-R,BERT-F1,METEOR,CHRF<10,COMET
17.22255228172311,44.98070250392232,44.82443845788063,113.45029239766082,0.6749714016914368,0.7756296396255493,0.7148462533950806,0.48603159335617396,12,0.7022782278060913
