BLEU,CHRF,CHRF++,TER,BERT-P,BERT-R,BERT-F1,METEOR,CHRF<10,COMET
15.836666565082977,38.280214801748464,38.48529077156982,97.85575048732943,0.7523828744888306,0.8040105700492859,0.7740904092788696,0.4215332656770903,23,0.6436401256918907
