BLEU,CHRF,CHRF++,TER,BERT-P,BERT-R,BERT-F1,METEOR,COMET,CHRF<10
20.453835354813044,37.389663232148365,37.11719524402573,254.62084304584303,0.6981080245971679,0.7778387382626534,0.7313275375962257,0.48465523481408046,0.6526291319727897,17.0
