BLEU,CHRF,CHRF++,TER,BERT-P,BERT-R,BERT-F1,METEOR,CHRF<10,COMET
18.001384459198754,39.540634163167496,37.80175598533802,116.92073170731707,0.7906943559646606,0.8101191520690918,0.797655463218689,0.43175833684191317,16,0.6674360147118569
