BLEU,CHRF,CHRF++,TER,BERT-P,BERT-R,BERT-F1,METEOR,CHRF<10,COMET
27.74340871593936,60.318794682723585,59.35331574879349,92.17877094972067,0.8265788555145264,0.8627009391784668,0.8413739204406738,0.5609730658805764,10,0.754997233748436
