BLEU,CHRF,CHRF++,TER,BERT-P,BERT-R,BERT-F1,METEOR,CHRF<10,COMET
12.3587763397644,31.160051524019195,30.99524899024335,109.94575045207957,0.7517861127853394,0.7828152179718018,0.7655865550041199,0.08982542342816488,25,0.5380652660131454
