BLEU,CHRF,CHRF++,TER,BERT-P,BERT-R,BERT-F1,METEOR,CHRF<10,COMET
26.41699339319249,57.962062089782464,57.296998744567276,101.31332082551594,0.8468673825263977,0.8801425099372864,0.8605518341064453,0.5691928960057901,5,0.7619580376148224
