BLEU,CHRF,CHRF++,TER,BERT-P,BERT-R,BERT-F1,METEOR,COMET,CHRF<10
48.855435452107315,63.37110177855793,62.52418913922912,154.06677752072488,0.8468775516748428,0.8801522970199585,0.8605611497163772,0.5691928960057901,0.7619580376148224,5.0
