BLEU,CHRF,CHRF++,TER,BERT-P,BERT-R,BERT-F1,METEOR,COMET,CHRF<10
29.78280190366234,40.37733921341849,39.7783996799411,163.06252636252637,0.7823593130707741,0.8376344561576843,0.806700077354908,0.47496332236571276,0.7018394857645035,18.0
