BLEU,CHRF,CHRF++,TER,BERT-P,BERT-R,BERT-F1,METEOR,CHRF<10,COMET
23.28692556208929,38.87944913334277,38.86769890640376,112.67361111111111,0.7823394536972046,0.8376116752624512,0.8066791296005249,0.47496332236571254,18,0.7018394857645035
