BLEU,CHRF,CHRF++,TER,BERT-P,BERT-R,BERT-F1,METEOR,COMET,CHRF<10
26.267551062025717,33.83738488933009,34.0466224541221,170.65158773974565,0.7865903118252754,0.8279942744970321,0.8045705711841583,0.4534295954653222,0.7067325648665428,21.0
