BLEU,CHRF,CHRF++,TER,BERT-P,BERT-R,BERT-F1,METEOR,CHRF<10,COMET
18.157873227311878,32.67664172256243,33.96867254270375,118.14595660749507,0.7865816354751587,0.82798171043396,0.8045601844787598,0.4534295954653222,21,0.7067325648665428
