BLEU,CHRF,CHRF++,TER,BERT-P,BERT-R,BERT-F1,METEOR,COMET,CHRF<10
23.387149299442882,36.05741490947218,34.11527924638071,157.97758425784744,0.7552718359231949,0.7836351561546325,0.7661237332224846,0.36225169714941763,0.6977060806751251,23.0
