BLEU,CHRF,CHRF++,TER,BERT-P,BERT-R,BERT-F1,METEOR,CHRF<10,COMET
18.06041832304194,45.76071344055501,45.399817239354654,122.73603082851639,0.671315610408783,0.7507986426353455,0.7017641663551331,0.47157846845461554,15,0.7059814321994782
