BLEU,CHRF,CHRF++,TER,BERT-P,BERT-R,BERT-F1,METEOR,COMET,CHRF<10
14.565627289723345,48.80949066508028,44.01251922883962,84.2881677314134,0.7917220455408096,0.7955242431163788,0.7932600712776184,0.3670737946765754,0.7497921985387802,0.0
