cluster,BLEU,CHRF++,BERT-F1,COMET
1,10.966991379785265,39.37424629005378,0.7762925985612368,0.7129024659332476
0,15.530645796714275,45.5655226178625,0.795860255465788,0.7528694272041321
2,18.277682123293193,48.42152838766405,0.8131299891642162,0.7961202008383614
