cluster,BLEU,CHRF++,BERT-F1,COMET
0,30.891085094520488,46.70085878940402,0.8330568018768515,0.7256132370659284
1,41.02941474658125,40.48844850581694,0.823005421626522,0.7582701190328046
2,26.834967818200028,41.85125781041968,0.7827717436026342,0.6595159571918641
