Method,2_BLEU,2_CHRF++,2_BERT-F1,2_COMET,2_DA-Score,0_BLEU,0_CHRF++,0_BERT-F1,0_COMET,0_DA-Score,1_BLEU,1_CHRF++,1_BERT-F1,1_COMET,1_DA-Score
qwenvl-max,26.834967818200028,41.85125781041968,0.7827717436026342,0.6595159571918641,0.5309278132051195,30.891085094520488,46.70085878940402,0.8330568018768515,0.7256132370659284,0.5883930093014701,41.02941474658125,40.48844850581694,0.823005421626522,0.7582701190328046,0.5967071334275604
