cluster,BLEU,CHRF++,BERT-F1,COMET
1,25.91265696670998,31.687557253230068,0.797667561350642,0.6979844111043054
0,20.107954187459182,39.4809079409731,0.8182430982589721,0.6990299485623837
2,27.13944062706282,44.334356095288065,0.7875482517740001,0.6431877775036771
