BLEU,CHRF,CHRF++,TER,BERT-P,BERT-R,BERT-F1,METEOR,CHRF<10,COMET
33.10384302849886,50.852694398352746,47.44057296186907,70.51416579223505,0.8112022876739502,0.7988970279693604,0.80356764793396,0.37072281721837186,21,0.6857994003593921
