cluster,BLEU,CHRF++,BERT-F1,COMET
1,64.48133303920716,54.14642400530942,0.8639659108342351,0.8135123035392245
0,34.32483139365489,57.87830645086963,0.8645512387156487,0.7621222771704197
2,22.49958856526765,46.25864880198823,0.7788212584412616,0.6648732060971467
