cluster,BLEU,CHRF++,BERT-F1,COMET
1,60.31749386057966,58.432886005211,0.873481408969776,0.8409914793194951
0,42.66367472388361,62.491289960728025,0.8758333772420883,0.7701209783554077
2,36.68454488880857,53.30583530592007,0.8031327724456787,0.6718989157158396
