cluster,BLEU,CHRF++,BERT-F1,COMET
1,28.361635170206103,32.3069313924984,0.8064195852021914,0.6736260016222257
0,22.756066284510286,42.1313717571151,0.8128201320767403,0.609069224447012
2,24.39919053792707,42.0986586773263,0.7845827392909838,0.5937433417724527
