BLEU,CHRF,CHRF++,TER,BERT-P,BERT-R,BERT-F1,METEOR,COMET,CHRF<10
25.208045350503593,39.155338448583166,38.48880481385549,79.64048771886927,0.8036834478378296,0.8072488445043564,0.8039573293924331,0.18186907977211564,0.6294302789866925,32.0
