cluster,BLEU,CHRF++,BERT-F1,COMET
1,34.25121097759241,33.07686720603431,0.8130879531035552,0.7459178260854773
0,29.114884829406787,41.321149043095645,0.8361728087067604,0.7497425302863121
2,17.353132963876217,27.50688386684745,0.7577995217364767,0.6532176111055457
