BLEU,CHRF,CHRF++,TER,BERT-P,BERT-R,BERT-F1,METEOR,COMET,CHRF<10
28.31012257516344,37.85041145260329,35.093483772845865,97.46820367362663,0.8199292474985123,0.8029365047812462,0.8096055561304092,0.4397338779507481,0.7261266583204269,25.0
