cluster,BLEU,CHRF++,BERT-F1,COMET
1,32.7699732257748,30.13321285562487,0.8210103850106936,0.7638736890779959
0,28.890989318780946,43.18668397050862,0.8255893811583519,0.74233732894063
2,24.588306997488623,43.301303200126114,0.7927945048912711,0.7044804621001949
