BLEU,CHRF,CHRF++,TER,BERT-P,BERT-R,BERT-F1,METEOR,CHRF<10,COMET
26.538623341312693,51.214660387437526,47.684948277776954,67.7639046538025,0.819164514541626,0.8170271515846252,0.8163474798202515,0.38465912921847784,25,0.7415987028181553
