cluster,BLEU,CHRF++,BERT-F1,COMET
1,41.111599985998666,43.63526082281048,0.7854051469145594,0.771985122480908
0,38.37919492394769,40.416302402538065,0.7981875769793987,0.7468703716993332
2,35.180570146969245,36.15311872544159,0.7747231566387675,0.6852103860481925
