BLEU,CHRF,CHRF++,TER,BERT-P,BERT-R,BERT-F1,METEOR,CHRF<10,COMET
7.0329813500586145,25.37059016936179,21.799620640992785,77.78106071797902,0.7697460651397705,0.7627090215682983,0.7658935785293579,0.06666752810157056,8,0.7764991042017937
