BLEU,CHRF,CHRF++,TER,BERT-P,BERT-R,BERT-F1,METEOR,COMET,CHRF<10
23.872936096890808,40.21042776300462,37.71366126200062,92.07034413269751,0.81120465695858,0.7988995090126991,0.8035703349113464,0.37072281721837186,0.6857994003593921,21.0
