BLEU,CHRF,CHRF++,TER,BERT-P,BERT-R,BERT-F1,METEOR,COMET,CHRF<10
42.76293115198016,56.86790490275186,53.82498868676963,72.93718396401462,0.853073513507843,0.8399584701657296,0.8446167719364166,0.5124996419283482,0.7587693005800247,12.0
