BLEU,CHRF,CHRF++,TER,BERT-P,BERT-R,BERT-F1,METEOR,CHRF<10,COMET
31.67608417291599,60.17207028228496,55.31993105705194,61.51960784313726,0.8530693650245667,0.8399548530578613,0.8446129560470581,0.5124996419283482,12,0.7587693005800247
