BLEU,CHRF,CHRF++,TER,BERT-P,BERT-R,BERT-F1,METEOR,COMET,CHRF<10
47.82038794239389,60.80925567573712,58.8770259265809,61.03271875183639,0.8668002253770828,0.8536496418714523,0.8582420098781586,0.5931695083066731,0.7737519893050194,11.0
