BLEU,CHRF,CHRF++,TER,BERT-P,BERT-R,BERT-F1,METEOR,CHRF<10,COMET
42.461575238646795,65.53414123934823,62.2573232677041,52.243589743589745,0.8668011426925659,0.8536484241485596,0.858241856098175,0.5931695083066731,11,0.7737519893050194
