BLEU,CHRF,CHRF++,TER,BERT-P,BERT-R,BERT-F1,METEOR,CHRF<10,COMET
39.79281381724818,63.77151164341495,59.77171262236626,54.25531914893617,0.8699507117271423,0.8487117290496826,0.857065737247467,0.5707528221101366,13,0.7602469442784786
