BLEU,CHRF,CHRF++,TER,BERT-P,BERT-R,BERT-F1,METEOR,COMET,CHRF<10
49.08669664161611,58.00218756261837,56.092863192486945,71.71189005499275,0.869957212805748,0.8487166771292687,0.8570714527368546,0.5707528221101367,0.7602469442784786,13.0
