BLEU,CHRF,CHRF++,TER,BERT-P,BERT-R,BERT-F1,METEOR,CHRF<10,COMET
29.28315843968997,49.1634725060973,47.434922837227376,61.622807017543856,0.8036686778068542,0.8072381615638733,0.803945004940033,0.18186907977211564,32,0.6294302789866925
