BLEU,CHRF,CHRF++,TER,BERT-P,BERT-R,BERT-F1,METEOR,CHRF<10,COMET
35.167704611586515,61.17537329458459,57.10264680517086,55.53145336225597,0.8626208305358887,0.8443184494972229,0.8514049053192139,0.5223106545665573,13,0.7606045690178871
