BLEU,CHRF,CHRF++,TER,BERT-P,BERT-R,BERT-F1,METEOR,COMET,CHRF<10
41.52343893673917,57.79292001380551,55.494216134402976,79.5721211537001,0.8626203507184982,0.8443170419335365,0.8514041167497635,0.5223106545665572,0.7606045690178871,13.0
