BLEU,CHRF,CHRF++,TER,BERT-P,BERT-R,BERT-F1,METEOR,CHRF<10,COMET
22.690826281395392,35.46363861414352,31.918145845082087,77.60074976569823,0.8199266195297241,0.8029319643974304,0.8096020221710205,0.43973387795074786,25,0.7261266583204269
