BLEU,CHRF,CHRF++,TER,BERT-P,BERT-R,BERT-F1,METEOR,CHRF<10,COMET
36.81788154511894,42.612470270481076,41.4081477159597,66.55211912943871,0.826744556427002,0.8174034357070923,0.8204954266548157,0.4731673645128719,27,0.7371961732208728
