BLEU,CHRF,CHRF++,TER,BERT-P,BERT-R,BERT-F1,METEOR,COMET,CHRF<10
30.77647126098844,37.845331916265124,37.322914863461705,77.42052531054956,0.8267488002777099,0.8174132236838341,0.8205024182796479,0.47316736451287184,0.7371961732208728,27.0
