BLEU,CHRF,CHRF++,TER,BERT-P,BERT-R,BERT-F1,METEOR,COMET,CHRF<10
45.76949898590942,56.65626876285371,54.510077655484054,58.15937029087184,0.8640746653079987,0.8472295871376991,0.8532099783420563,0.5688437241901512,0.7603500953316689,9.0
