BLEU,CHRF,CHRF++,TER,BERT-P,BERT-R,BERT-F1,METEOR,CHRF<10,COMET
39.43197840758785,61.33919869556823,57.671336862970804,54.48717948717948,0.8640679717063904,0.8472186326980591,0.8532009720802307,0.5688437241901513,9,0.7603500953316689
