BLEU,CHRF,CHRF++,TER,BERT-P,BERT-R,BERT-F1,METEOR,COMET,CHRF<10
29.336596430471435,40.27180894594307,38.38326208081365,81.25671282885321,0.8191686230897903,0.8170329684019089,0.8163523310422898,0.3846591292184777,0.7415987028181553,25.0
