BLEU,CHRF,CHRF++,TER,BERT-P,BERT-R,BERT-F1,METEOR,CHRF<10,COMET
38.45127545130535,62.051584351238674,58.205742038415934,54.576659038901596,0.8030363321304321,0.776012122631073,0.7816787958145142,0.5314142994080147,14,0.7684782990813255
