BLEU,CHRF,CHRF++,TER,BERT-P,BERT-R,BERT-F1,METEOR,COMET,CHRF<10
44.56163004674764,56.74445555000666,54.95360445838888,61.14924713787661,0.8030355224013328,0.7760129687190056,0.7816789808869362,0.5314142994080148,0.7684782990813255,14.0
