BLEU,CHRF,CHRF++,TER,BERT-P,BERT-R,BERT-F1,METEOR,CHRF<10,COMET
25.84346879520493,50.60279820714035,44.39941855591311,70.64471879286694,0.8083702921867371,0.8090726733207703,0.806984543800354,0.4150261955816362,25,0.7121914292871953
