BLEU,CHRF,CHRF++,TER,BERT-P,BERT-R,BERT-F1,METEOR,COMET,CHRF<10
25.86696920137156,42.703870336116104,39.24364404895737,76.35176259879869,0.8083719438314438,0.8090703111886978,0.8069845253229141,0.415026195581636,0.7121914292871953,25.0
