BLEU,CHRF,CHRF++,TER,BERT-P,BERT-R,BERT-F1,METEOR,CHRF<10,COMET
49.760388565970324,44.28690600522479,40.27206640659776,53.88389206868357,0.7837477326393127,0.800261914730072,0.7880522012710571,0.43414515070033355,24,0.7419810327887535
