BLEU,CHRF,CHRF++,TER,BERT-P,BERT-R,BERT-F1,METEOR,COMET,CHRF<10
38.65450109820151,43.459612492634605,40.62678477230667,83.95995110143474,0.7837556132674217,0.8002725407481194,0.788061261177063,0.43414515070033355,0.7419810327887535,24.0
