BLEU,CHRF,CHRF++,TER,BERT-P,BERT-R,BERT-F1,METEOR,COMET,CHRF<10
11.77538650128198,46.72164280918819,42.41361073427763,99.41472997961986,0.7798735153675079,0.797725567817688,0.7883482879400253,0.3503003763793027,0.6726437824964523,0.0
