cluster,BLEU,CHRF++,BERT-F1,COMET
1,10.617491918111549,40.905702051502594,0.7840084213959543,0.631882225212298
0,10.201382770054842,41.2537583958211,0.7832159575294045,0.67613784179968
2,15.258105109217666,45.868450357598114,0.8004702223198754,0.7237202525138855
