BLEU,CHRF,CHRF++,TER,BERT-P,BERT-R,BERT-F1,METEOR,CHRF<10,COMET
13.106538199181767,48.23442898986481,43.87017333602372,88.47867600254615,0.7798689007759094,0.7977203130722046,0.7883434295654297,0.3503003763793028,0,0.6726437824964523
