BLEU,CHRF,CHRF++,TER,BERT-P,BERT-R,BERT-F1,METEOR,COMET,CHRF<10
12.82686633589396,47.61978776578881,41.43015181933436,89.04918065135288,0.7535944563150406,0.7645873099565506,0.7586821842193604,0.3359495592656834,0.6565647727251053,1.0
