cluster,BLEU,CHRF++,BERT-F1,COMET
1,11.090574718875656,39.331022818826504,0.7453892105504086,0.6183867336888063
0,13.179293829328433,41.41742396908966,0.7578968388192794,0.6525557856349384
2,14.75531443124837,44.29442499532073,0.7776762821844646,0.7132458814552852
