BLEU,CHRF,CHRF++,TER,BERT-P,BERT-R,BERT-F1,METEOR,CHRF<10,COMET
14.818964375765754,48.70921082780971,42.667520563462155,80.42410714285714,0.7535940408706665,0.7645849585533142,0.7586808800697327,0.3359495592656834,1,0.6565647727251053
