BLEU,CHRF,CHRF++,TER,BERT-P,BERT-R,BERT-F1,METEOR,CHRF<10,COMET
25.025675588285655,41.781057847704176,39.28612579824871,93.68770764119601,0.7780615091323853,0.7965769171714783,0.7854450941085815,0.35273013154233696,19,0.6619913232326508
