BLEU,CHRF,CHRF++,TER,BERT-P,BERT-R,BERT-F1,METEOR,COMET,CHRF<10
33.42375402781148,53.52508573190502,51.524094354538626,193.71978821831766,0.8034753787517548,0.8378766971826553,0.8177942803502083,0.5153045535745567,0.7115863397717476,5.0
