BLEU,CHRF,CHRF++,TER,BERT-P,BERT-R,BERT-F1,METEOR,CHRF<10,COMET
20.798099946865246,56.81408154856932,53.813083514144544,94.91525423728814,0.8034695386886597,0.8378648161888123,0.8177850842475891,0.5153045535745566,5,0.7115863397717476
