BLEU,CHRF,CHRF++,TER,BERT-P,BERT-R,BERT-F1,METEOR,CHRF<10,COMET
34.08441817850686,69.027625793345,67.59520086822043,79.01234567901234,0.8965300917625427,0.920158326625824,0.9068917632102966,0.6922081975214944,1,0.762387914955616
