BLEU,CHRF,CHRF++,TER,BERT-P,BERT-R,BERT-F1,METEOR,COMET,CHRF<10
49.749380400578794,66.96633191491784,66.07892415277382,172.42127667653986,0.8965464091300964,0.920179785490036,0.906910646557808,0.6922081975214947,0.762387914955616,1.0
