BLEU,CHRF,CHRF++,TER,BERT-P,BERT-R,BERT-F1,METEOR,CHRF<10,COMET
30.398723702668512,62.65265673091395,60.10778848449223,84.60038986354775,0.8252446055412292,0.8537200689315796,0.836567223072052,0.6103831976855161,5,0.732808367908001
