BLEU,CHRF,CHRF++,TER,BERT-P,BERT-R,BERT-F1,METEOR,COMET,CHRF<10
19.063237264035525,35.00964501602713,33.30856363060059,216.82615717615718,0.7688532519340515,0.7985875082015991,0.7818652206659317,0.1051509133981328,0.5504627591371536,18.0
