BLEU,CHRF,CHRF++,TER,BERT-P,BERT-R,BERT-F1,METEOR,CHRF<10,COMET
10.602913230824237,33.95976746880397,32.343690581991154,123.09236947791165,0.7688506841659546,0.7985923290252686,0.7818658351898193,0.1051509133981328,18,0.5504627591371536
