BLEU,CHRF,CHRF++,TER,BERT-P,BERT-R,BERT-F1,METEOR,COMET,CHRF<10
35.222919142315526,44.8087420770639,44.87583473602496,201.62450131567778,0.8048520797491073,0.8452774959802628,0.8230914068222046,0.5062290364833569,0.7211251679062843,15.0
