BLEU,CHRF,CHRF++,TER,BERT-P,BERT-R,BERT-F1,METEOR,COMET,CHRF<10
37.88016245754619,57.91083576741234,56.10046220316238,188.3691612481086,0.8182653534412384,0.8553517103195191,0.8334008437395096,0.5676035392264096,0.7311866983771325,2.0
