BLEU,CHRF,CHRF++,TER,BERT-P,BERT-R,BERT-F1,METEOR,CHRF<10,COMET
17.965964217356834,43.581655494583075,41.21576735862876,88.87015177065767,0.784465491771698,0.8166487216949463,0.7983517646789551,0.5093359785773406,17,0.7105412766337394
