BLEU,CHRF,CHRF++,TER,BERT-P,BERT-R,BERT-F1,METEOR,CHRF<10,COMET
24.448390882376543,53.274828533679475,50.54579297860266,100.22624434389141,0.8080375790596008,0.839120626449585,0.8216189742088318,0.5190731678724514,9,0.7071600431203842
