BLEU,CHRF,CHRF++,TER,BERT-P,BERT-R,BERT-F1,METEOR,CHRF<10,COMET
18.44191805513299,49.01730673698838,46.642329437717414,102.8397565922921,0.6740084886550903,0.7365608215332031,0.6967034935951233,0.4494658457758644,5,0.7154439049959183
