BLEU,CHRF,CHRF++,TER,BERT-P,BERT-R,BERT-F1,METEOR,COMET,CHRF<10
28.77840751858382,47.42821781768888,45.62415008772107,201.28898031792767,0.6740137839317322,0.736574012041092,0.696711375117302,0.4494658457758645,0.7154439049959183,5.0
