BLEU,CHRF,CHRF++,TER,BERT-P,BERT-R,BERT-F1,METEOR,CHRF<10,COMET
25.941404193718487,58.09537909456461,57.992601597224215,71.6,0.8434277176856995,0.8747097849845886,0.8577211499214172,0.6237545010021798,10,0.7633712178468705
