BLEU,CHRF,CHRF++,TER,BERT-P,BERT-R,BERT-F1,METEOR,COMET,CHRF<10
47.53412973018151,63.52639653999823,63.02859593916888,121.94664502164501,0.8434193500876427,0.8747026839852333,0.8577135801315308,0.62375450100218,0.7633712178468705,10.0
