BLEU,CHRF,CHRF++,TER,BERT-P,BERT-R,BERT-F1,METEOR,COMET,CHRF<10
49.72826773156332,66.18842531994446,65.36849243355306,115.61161616161615,0.8534192726016044,0.887571495771408,0.8689014446735382,0.6203362182803874,0.7776238098740578,9.0
