BLEU,CHRF,CHRF++,TER,BERT-P,BERT-R,BERT-F1,METEOR,COMET,CHRF<10
48.516426341915974,63.689070489844944,62.77834828679855,116.22294372294373,0.8501258960366249,0.884209498167038,0.8656764727830887,0.5979481475062937,0.7770868080854416,10.0
