BLEU,CHRF,CHRF++,TER,BERT-P,BERT-R,BERT-F1,METEOR,CHRF<10,COMET
30.90315610740988,62.37183101514536,61.23183849295051,68.11023622047244,0.8501320481300354,0.8842217326164246,0.8656853437423706,0.5979481475062935,10,0.7770868080854416
