BLEU,CHRF,CHRF++,TER,BERT-P,BERT-R,BERT-F1,METEOR,CHRF<10,COMET
35.182739925716085,47.675356858793435,47.9356848431564,77.54385964912281,0.8031672835350037,0.8404059410095215,0.8200346231460571,0.5505063068626568,26,0.7300047907233238
