BLEU,CHRF,CHRF++,TER,BERT-P,BERT-R,BERT-F1,METEOR,COMET,CHRF<10
33.63453092643131,42.27136820015531,42.23668399161461,148.25386002886,0.7971544015407562,0.8359235697984695,0.8145474576950074,0.5349360420549325,0.711079233288765,21.0
