BLEU,CHRF,CHRF++,TER,BERT-P,BERT-R,BERT-F1,METEOR,CHRF<10,COMET
25.661684236305234,41.43100665370413,41.82833120708898,96.58119658119658,0.7971521615982056,0.835930585861206,0.8145495057106018,0.5349360420549326,21,0.711079233288765
