BLEU,CHRF,CHRF++,TER,BERT-P,BERT-R,BERT-F1,METEOR,COMET,CHRF<10
49.80948067070602,66.19050479976379,65.22766449353287,110.87204184704184,0.8531237924098969,0.8885607630014419,0.869164171218872,0.6133394272139723,0.7890311694145202,7.0
