BLEU,CHRF,CHRF++,TER,BERT-P,BERT-R,BERT-F1,METEOR,COMET,CHRF<10
40.190312196441226,53.59768272622509,52.6620388191076,114.30686911128089,0.8150400841236114,0.8373672622442245,0.8245151823759079,0.5388863386152086,0.7320875597000122,19.0
