BLEU,CHRF,CHRF++,TER,BERT-P,BERT-R,BERT-F1,METEOR,COMET,CHRF<10
42.35929366226249,58.82049892014629,57.67817756018814,129.25620629370627,0.753386241197586,0.8122993543744087,0.7765677893161773,0.5022308505468923,0.7537027272582054,8.0
