BLEU,CHRF,CHRF++,TER,BERT-P,BERT-R,BERT-F1,METEOR,CHRF<10,COMET
16.318438046935658,26.52135559178327,26.507461584511145,214.50381679389312,0.6794096231460571,0.7569712996482849,0.7137435674667358,0.3591996015519641,25,0.5312313264608384
