BLEU,CHRF,CHRF++,TER,BERT-P,BERT-R,BERT-F1,METEOR,COMET,CHRF<10
15.13929665864197,31.984160344657308,32.01182833159689,459.1957306582306,0.6936750948429108,0.77911749958992,0.7319672736525535,0.3769285221307633,0.5647113093733788,20.0
