BLEU,CHRF,CHRF++,TER,BERT-P,BERT-R,BERT-F1,METEOR,CHRF<10,COMET
8.885144932909846,33.95822385773325,34.90506330416005,227.77777777777777,0.831634521484375,0.8886222839355469,0.8587367534637451,0.4250755038789677,14,0.6122116419672966
