BLEU,CHRF,CHRF++,TER,BERT-P,BERT-R,BERT-F1,METEOR,COMET,CHRF<10
15.783306319624923,33.91618170747361,33.52089655166748,618.52924991675,0.7008617210388184,0.7877634567022324,0.7395034176111221,0.37444197070159085,0.5613259306550026,18.0
