BLEU,CHRF,CHRF++,TER,BERT-P,BERT-R,BERT-F1,METEOR,CHRF<10,COMET
6.998970856448166,30.671461832992286,31.06403300187107,239.8390342052314,0.6934697031974792,0.778883695602417,0.7312533855438232,0.36637815009921576,21,0.5639074391126633
