BLEU,CHRF,CHRF++,TER,BERT-P,BERT-R,BERT-F1,METEOR,COMET,CHRF<10
17.27052692014654,32.285357569477895,31.594175299931766,508.87881840381834,0.6882021060585976,0.7694710841774941,0.724940764605999,0.4096994405447842,0.5644045507907868,19.0
