BLEU,CHRF,CHRF++,TER,BERT-P,BERT-R,BERT-F1,METEOR,COMET,CHRF<10
19.30256281212036,33.32750355829014,32.452412655278586,299.6231726606726,0.7026342883706093,0.7822669360041619,0.7384552243351936,0.40608255887712635,0.5705211064219475,25.0
