BLEU,CHRF,CHRF++,TER,BERT-P,BERT-R,BERT-F1,METEOR,COMET,CHRF<10
17.293730742648464,30.695856003700833,31.013154598019018,198.39982656232655,0.6904820927977562,0.7798931962251663,0.7300614178180694,0.37497671711348657,0.5665163984894752,23.0
