BLEU,CHRF,CHRF++,TER,BERT-P,BERT-R,BERT-F1,METEOR,COMET,CHRF<10
15.851430594531962,26.76694002930606,26.511032605720565,367.8474789099789,0.6794107741117478,0.7569715148210525,0.7137446504831314,0.35919960155196407,0.5312313264608384,25.0
