BLEU,CHRF,CHRF++,TER,BERT-P,BERT-R,BERT-F1,METEOR,COMET,CHRF<10
15.494470320025473,31.342874817255964,31.403193485489602,397.17922077922077,0.6883398586511612,0.7773385715484619,0.7275176909565926,0.3670137243924236,0.5445399570465088,20.0
