BLEU,CHRF,CHRF++,TER,BERT-P,BERT-R,BERT-F1,METEOR,CHRF<10,COMET
8.414064142094176,30.197720699231155,31.05738212503997,196.7479674796748,0.6883394122123718,0.777326226234436,0.727512538433075,0.36701372439242363,20,0.5445399570465088
