BLEU,CHRF,CHRF++,TER,BERT-P,BERT-R,BERT-F1,METEOR,CHRF<10,COMET
5.170032583459216,28.722659734906003,28.90485398883735,282.96593186372746,0.700870156288147,0.7877561450004578,0.7395050525665283,0.3744419707015909,18,0.5613259306550026
