BLEU,CHRF,CHRF++,TER,BERT-P,BERT-R,BERT-F1,METEOR,CHRF<10,COMET
4.852226252860921,22.355773323673432,22.53051837359205,254.0880503144654,0.6756675243377686,0.7506795525550842,0.7087887525558472,0.046088893166101784,31,0.4718278342485428
