BLEU,CHRF,CHRF++,TER,BERT-P,BERT-R,BERT-F1,METEOR,COMET,CHRF<10
14.638335999939029,31.665767426163267,31.466342874489218,449.9202103452103,0.6934723934531212,0.7788949370384216,0.7312588793039322,0.36637815009921576,0.5639074391126633,21.0
