BLEU,CHRF,CHRF++,TER,BERT-P,BERT-R,BERT-F1,METEOR,CHRF<10,COMET
17.26936037366764,35.18635910987922,35.830082469049486,281.0810810810811,0.6882022023200989,0.769456148147583,0.7249341011047363,0.409699440544784,19,0.5644045507907868
