BLEU,CHRF,CHRF++,TER,BERT-P,BERT-R,BERT-F1,METEOR,CHRF<10,COMET
18.5019404920404,37.33846353705056,36.37039746094001,181.91056910569105,0.7026421427726746,0.7822723984718323,0.7384619116783142,0.4060825588771263,25,0.5705211064219475
