BLEU,CHRF,CHRF++,TER,BERT-P,BERT-R,BERT-F1,METEOR,CHRF<10,COMET
7.152726031256598,33.07404486192223,33.09695505576912,247.18875502008032,0.6897688508033752,0.7769696116447449,0.7283907532691956,0.37249220457154486,19,0.558983174264431
