BLEU,CHRF,CHRF++,TER,BERT-P,BERT-R,BERT-F1,METEOR,COMET,CHRF<10
13.344173202086981,32.38810038111681,32.09173044760733,452.3592934842935,0.6897671923041344,0.7769648092985153,0.7283876287937164,0.3724922045715448,0.558983174264431,19.0
