BLEU,CHRF,CHRF++,TER,BERT-P,BERT-R,BERT-F1,METEOR,CHRF<10,COMET
8.61571484612283,25.909828679310404,27.110984243076274,208.41683366733466,0.6730126738548279,0.7674939632415771,0.7146483659744263,0.3580030855619311,25,0.5611907663941383
