BLEU,CHRF,CHRF++,TER,BERT-P,BERT-R,BERT-F1,METEOR,COMET,CHRF<10
11.742976842319154,26.432835921419127,26.655185585241902,375.6725788100788,0.673004235625267,0.7674906122684478,0.7146419644355774,0.358003085561931,0.5611907663941383,25.0
