BLEU,CHRF,CHRF++,TER,BERT-P,BERT-R,BERT-F1,METEOR,COMET,CHRF<10
15.96618463965447,35.06095539182442,35.16443497135365,370.91690809190817,0.5685711400210858,0.7201450535655022,0.628090986609459,0.3885499468074433,0.5900509256124497,17.0
