BLEU,CHRF,CHRF++,TER,BERT-P,BERT-R,BERT-F1,METEOR,CHRF<10,COMET
9.78502470918863,31.489989864409008,32.377392290023366,219.87315010570825,0.5685779452323914,0.7201520800590515,0.6280982494354248,0.3885499468074433,17,0.5900509256124497
