BLEU,CHRF,CHRF++,TER,BERT-P,BERT-R,BERT-F1,METEOR,CHRF<10,COMET
15.230558024159334,30.888521437696987,33.162393255821655,125.72016460905351,0.6904915571212769,0.7798976302146912,0.7300686836242676,0.37497671711348673,23,0.5665163984894752
