BLEU,CHRF,CHRF++,TER,BERT-P,BERT-R,BERT-F1,METEOR,COMET,CHRF<10
33.67851733876634,59.399327253356844,54.774120027406454,61.32611581158011,0.8179682958126068,0.8331981992721558,0.8251075595617294,0.6453880888050993,0.733294109404087,0.0
