cluster,BLEU,CHRF++,BERT-F1,COMET
1,27.06352078355661,50.8969877005129,0.8051595625124479,0.7050399317553169
0,33.280244319818614,53.233725032833036,0.8250309071120094,0.7272901237010956
2,43.13962990098749,61.90642210731537,0.8522729192461286,0.7789296188524791
