BLEU,CHRF,CHRF++,TER,BERT-P,BERT-R,BERT-F1,METEOR,CHRF<10,COMET
37.16553280758916,61.53380711580569,57.10363140566174,53.407359024602655,0.8179614543914795,0.8331944346427917,0.8251021504402161,0.6453880888050995,0,0.733294109404087
