BLEU,CHRF,CHRF++,TER,BERT-P,BERT-R,BERT-F1,METEOR,CHRF<10,COMET
17.54384224423353,51.08822614252,48.36085064333316,147.1933471933472,0.7867133617401123,0.8381961584091187,0.809586763381958,0.4803676190576365,15,0.704767829477787
