BLEU,CHRF,CHRF++,TER,BERT-P,BERT-R,BERT-F1,METEOR,CHRF<10,COMET
14.788521851618922,45.153499066331825,43.170559492425326,162.2680412371134,0.765546977519989,0.8249264359474182,0.7920545339584351,0.4222006577756235,12,0.6534622699022293
