BLEU,CHRF,CHRF++,TER,BERT-P,BERT-R,BERT-F1,METEOR,COMET,CHRF<10
24.419547133064984,46.90525761112166,44.793443349468426,273.5729355185877,0.7655561840534211,0.8249307471513748,0.7920615911483765,0.4222006577756235,0.6534622699022293,12.0
