BLEU,CHRF,CHRF++,TER,BERT-P,BERT-R,BERT-F1,METEOR,CHRF<10,COMET
10.36954301109174,31.728501486846756,31.6259183815962,165.36203522504894,0.7458940744400024,0.793260931968689,0.7668762803077698,0.1332344127944375,32,0.5578116792440414
