BLEU,CHRF,CHRF++,TER,BERT-P,BERT-R,BERT-F1,METEOR,CHRF<10,COMET
13.641293864935987,46.45878172795805,43.71708198201804,164.85355648535565,0.7534254193305969,0.8176382184028625,0.7820053100585938,0.4182472924944804,17,0.6523994779586793
