BLEU,CHRF,CHRF++,TER,BERT-P,BERT-R,BERT-F1,METEOR,COMET,CHRF<10
25.29287113398002,46.052625575957975,43.748957803555875,241.09672097226445,0.7534376832842827,0.8176505655050278,0.7820175659656524,0.4182472924944803,0.6523994779586793,17.0
