BLEU,CHRF,CHRF++,TER,BERT-P,BERT-R,BERT-F1,METEOR,COMET,CHRF<10
23.886695678549657,33.02104930294582,33.017440118774594,218.74655566655568,0.7426536056399345,0.8024813029170036,0.7693622568249703,0.40507139471334214,0.6633342346549034,35.0
