BLEU,CHRF,CHRF++,TER,BERT-P,BERT-R,BERT-F1,METEOR,CHRF<10,COMET
21.183093429990866,35.10785229979426,36.33632138232304,137.09327548806942,0.7693420648574829,0.8164812326431274,0.7906004190444946,0.45530717047465363,31,0.6734951946139336
