BLEU,CHRF,CHRF++,TER,BERT-P,BERT-R,BERT-F1,METEOR,COMET,CHRF<10
27.68254389253915,33.58419844530405,34.718087246159946,200.04074259074258,0.7693491452932357,0.8164939701557159,0.7906101933121681,0.45530717047465374,0.6734951946139336,31.0
