BLEU,CHRF,CHRF++,TER,BERT-P,BERT-R,BERT-F1,METEOR,CHRF<10,COMET
16.080197985768077,43.93086955750465,41.857666185386,162.13389121338912,0.7648122906684875,0.8129269480705261,0.7846075296401978,0.407575153220368,18,0.6544906643033027
