BLEU,CHRF,CHRF++,TER,BERT-P,BERT-R,BERT-F1,METEOR,COMET,CHRF<10
25.262081930340145,43.283718184560946,41.42361675942635,272.8293456543456,0.7648129656910896,0.812935140132904,0.7846116760373115,0.4075751532203682,0.6544906643033027,18.0
