BLEU,CHRF,CHRF++,TER,BERT-P,BERT-R,BERT-F1,METEOR,CHRF<10,COMET
14.979602715089829,34.99668639502712,32.969180517316,130.88235294117646,0.752705991268158,0.7885197997093201,0.7682304978370667,0.35709324121047764,27,0.6668964350223541
