BLEU,CHRF,CHRF++,TER,BERT-P,BERT-R,BERT-F1,METEOR,COMET,CHRF<10
25.52251591786221,39.8300020910697,37.726745581594535,216.66680884904565,0.759495789706707,0.8021366342902183,0.7783998632431031,0.41689656228990146,0.6576933550834656,29.0
