BLEU,CHRF,CHRF++,TER,BERT-P,BERT-R,BERT-F1,METEOR,CHRF<10,COMET
13.259872265013337,39.28504247067724,38.31076606553182,182.72921108742003,0.5817137360572815,0.7106830477714539,0.6312040686607361,0.41670519619741386,21,0.6376778671145439
