BLEU,CHRF,CHRF++,TER,BERT-P,BERT-R,BERT-F1,METEOR,CHRF<10,COMET
17.417136936829426,42.70995633750571,40.28541533417038,151.86915887850466,0.759497880935669,0.802141010761261,0.7784029245376587,0.4168965622899015,29,0.6576933550834656
