BLEU,CHRF,CHRF++,TER,BERT-P,BERT-R,BERT-F1,METEOR,COMET,CHRF<10
25.158556992825492,40.2888417841194,39.920088562123766,279.4479534354534,0.5817201532423496,0.7106893622875213,0.6312105569243431,0.4167051961974139,0.6376778671145439,21.0
