BLEU,CHRF,CHRF++,TER,BERT-P,BERT-R,BERT-F1,METEOR,COMET,CHRF<10
32.7552632766611,37.5722919018544,38.22603175951569,172.88544328329124,0.7593147251009941,0.7921606221795082,0.7715659847855568,0.3938461322817337,0.7334409373998642,24.0
