BLEU,CHRF,CHRF++,TER,BERT-P,BERT-R,BERT-F1,METEOR,CHRF<10,COMET
22.720595821827928,34.59918615176925,35.357214892485025,102.50329380764163,0.7593238949775696,0.7921678423881531,0.771574079990387,0.39384613228173365,24,0.7334409373998642
