BLEU,CHRF,CHRF++,TER,BERT-P,BERT-R,BERT-F1,METEOR,CHRF<10,COMET
17.4108803438299,34.943251419491354,33.45895609290143,92.31843575418995,0.7435057759284973,0.761847734451294,0.7507754564285278,0.2973559285782117,31,0.6049452835321426
