BLEU,CHRF,CHRF++,TER,BERT-P,BERT-R,BERT-F1,METEOR,COMET,CHRF<10
15.724772785231048,31.809164183800682,29.478690133378382,131.09610356104164,0.743515619635582,0.7618547654151917,0.7507842212915421,0.2973559285782117,0.6049452835321426,31.0
