BLEU,CHRF,CHRF++,TER,BERT-P,BERT-R,BERT-F1,METEOR,CHRF<10,COMET
23.04554001030186,53.53325345662725,52.52270458530261,85.8,0.8100718855857849,0.8370335102081299,0.8218037486076355,0.5122402271920525,18,0.7391408228874207
