BLEU,CHRF,CHRF++,TER,BERT-P,BERT-R,BERT-F1,METEOR,COMET,CHRF<10
39.015007037510806,51.880471855990535,50.77010804858599,122.41645021645022,0.8100758573412895,0.8370280128717422,0.8218030333518982,0.5122402271920528,0.7391408228874207,18.0
