BLEU,CHRF,CHRF++,TER,BERT-P,BERT-R,BERT-F1,METEOR,CHRF<10,COMET
34.336914358702884,63.48028453316602,62.27356824771755,73.90438247011953,0.8413574695587158,0.9017539024353027,0.8694036602973938,0.5656411305308591,13,0.7828737765550613
