BLEU,CHRF,CHRF++,TER,BERT-P,BERT-R,BERT-F1,METEOR,COMET,CHRF<10
47.860342125463596,58.47943532480025,57.05078290760545,131.83564425770308,0.841369337439537,0.9017560017108918,0.8694102948904038,0.5656411305308591,0.7828737765550613,13.0
