BLEU,CHRF,CHRF++,TER,BERT-P,BERT-R,BERT-F1,METEOR,CHRF<10,COMET
25.700256314130645,57.02397710007556,56.200642330447096,75.49019607843137,0.8384901285171509,0.8637780547142029,0.8496028780937195,0.5301739330922469,11,0.7669411042332649
