BLEU,CHRF,CHRF++,TER,BERT-P,BERT-R,BERT-F1,METEOR,COMET,CHRF<10
42.20512530129161,57.78892871251509,56.41528728426818,120.89715007215007,0.838506451845169,0.8637811636924744,0.8496131056547165,0.530173933092247,0.7669411042332649,11.0
