BLEU,CHRF,CHRF++,TER,BERT-P,BERT-R,BERT-F1,METEOR,COMET,CHRF<10
18.093697685143212,34.5289588836338,33.8027224221403,178.52854351530823,0.7669167453050614,0.7959116423130035,0.7795372539758683,0.10278552642192,0.5983495111763477,23.0
