BLEU,CHRF,CHRF++,TER,BERT-P,BERT-R,BERT-F1,METEOR,CHRF<10,COMET
15.082791401479788,34.52169712053216,34.15258644666393,116.32270168855534,0.7669204473495483,0.7959265112876892,0.7795460224151611,0.10278552642191997,23,0.5983495111763477
