BLEU,CHRF,CHRF++,TER,BERT-P,BERT-R,BERT-F1,METEOR,COMET,CHRF<10
40.015135025504236,52.914309022242435,50.727562925346504,186.94339826839823,0.8191080582141876,0.851672996878624,0.8329226744174957,0.49037989580360963,0.7450290587544441,19.0
