BLEU,CHRF,CHRF++,TER,BERT-P,BERT-R,BERT-F1,METEOR,CHRF<10,COMET
19.381063996182963,55.05531881660557,52.81890395910056,112.99212598425197,0.8190966844558716,0.851662278175354,0.8329117298126221,0.4903798958036097,19,0.7450290587544441
