BLEU,CHRF,CHRF++,TER,BERT-P,BERT-R,BERT-F1,METEOR,CHRF<10,COMET
24.82563642316214,41.11374862914983,40.57887872806929,123.15789473684211,0.7670806646347046,0.817007839679718,0.7893850207328796,0.4913447211483237,28,0.6928739324212074
