BLEU,CHRF,CHRF++,TER,BERT-P,BERT-R,BERT-F1,METEOR,COMET,CHRF<10
29.07074865380296,40.644758768066055,39.704393180968246,209.9058632286186,0.7670844942331314,0.8170106041431427,0.7893882155418396,0.4913447211483236,0.6928739324212074,28.0
