BLEU,CHRF,CHRF++,TER,BERT-P,BERT-R,BERT-F1,METEOR,CHRF<10,COMET
19.00711126893373,34.217646038434786,33.97569933152979,123.2905982905983,0.7693683505058289,0.8069177865982056,0.7860663533210754,0.4315672156442767,33,0.6773712483048439
