BLEU,CHRF,CHRF++,TER,BERT-P,BERT-R,BERT-F1,METEOR,COMET,CHRF<10
24.340347378245873,34.41790603261162,34.305977204254965,168.9060064935065,0.7693694818019867,0.8069220209121704,0.7860692012310028,0.43156721564427647,0.6773712483048439,33.0
