BLEU,CHRF,CHRF++,TER,BERT-P,BERT-R,BERT-F1,METEOR,CHRF<10,COMET
18.808910625143124,53.27400009222918,51.66055734494107,99.80430528375733,0.8299217224121094,0.8524764776229858,0.8396685719490051,0.48513094476583213,14,0.7732281166315079
