BLEU,CHRF,CHRF++,TER,BERT-P,BERT-R,BERT-F1,METEOR,COMET,CHRF<10
37.00505964436851,54.928816115432284,53.044940318964656,136.45999278499278,0.829943833053112,0.8525009459257126,0.8396913623809814,0.4851309447658323,0.7732281166315079,14.0
