BLEU,CHRF,CHRF++,TER,BERT-P,BERT-R,BERT-F1,METEOR,CHRF<10,COMET
16.625472123139797,32.78114953087574,30.084545345699805,97.01704545454545,0.7314286828041077,0.7397894263267517,0.73372483253479,0.27788838620066797,35,0.6328523111343384
