BLEU,CHRF,CHRF++,TER,BERT-P,BERT-R,BERT-F1,METEOR,COMET,CHRF<10
14.366354055356073,29.80979830761596,26.64652833616983,149.53882559648812,0.7314438420534134,0.7398110225796699,0.7337430655956269,0.27788838620066797,0.6328523111343384,35.0
