BLEU,CHRF,CHRF++,TER,BERT-P,BERT-R,BERT-F1,METEOR,CHRF<10,COMET
10.892592561828172,43.047980442014236,41.17041188814924,139.51612903225808,0.6444457769393921,0.7277774810791016,0.6758649945259094,0.4196144044721293,22,0.7002392253279686
