BLEU,CHRF,CHRF++,TER,BERT-P,BERT-R,BERT-F1,METEOR,COMET,CHRF<10
28.22821301586941,44.00553048810743,42.65349439985268,188.94908979908982,0.6444513937830925,0.7277847746014595,0.6758705976605416,0.4196144044721295,0.7002392253279686,22.0
