BLEU,CHRF,CHRF++,TER,BERT-P,BERT-R,BERT-F1,METEOR,COMET,CHRF<10
19.964716959755535,38.22864225055013,36.88747538904904,183.1207219251337,0.7490749698877335,0.7819186699390411,0.7624669083952904,0.3758860890102688,0.6641786044836044,25.0
