BLEU,CHRF,CHRF++,TER,BERT-P,BERT-R,BERT-F1,METEOR,CHRF<10,COMET
15.616797887190765,38.62873796327017,36.906775118312844,115.72327044025157,0.7490711212158203,0.7819036841392517,0.7624577283859253,0.37588608901026893,25,0.6641786044836044
