BLEU,CHRF,CHRF++,TER,BERT-P,BERT-R,BERT-F1,METEOR,COMET,CHRF<10
27.102576992437424,35.8256818277667,34.98689388787559,188.01272630877895,0.7311225977540016,0.7828365123271942,0.7515108054876327,0.3894302691407025,0.6970874887704849,23.0
