BLEU,CHRF,CHRF++,TER,BERT-P,BERT-R,BERT-F1,METEOR,CHRF<10,COMET
23.690272624247136,37.99623183551568,38.40676203400689,100.0,0.731121301651001,0.782835066318512,0.751509428024292,0.3894302691407026,23,0.6970874887704849
