BLEU,CHRF,CHRF++,TER,BERT-P,BERT-R,BERT-F1,METEOR,CHRF<10,COMET
32.91963455275294,62.13946959547197,61.37111292523836,66.27450980392156,0.8534104824066162,0.8875678777694702,0.8688950538635254,0.6203362182803877,9,0.7776238098740578
