BLEU,CHRF,CHRF++,TER,BERT-P,BERT-R,BERT-F1,METEOR,COMET,CHRF<10
56.56087045471095,70.5062241325266,70.20981704207004,109.26257745522452,0.908974928855896,0.9323215800523758,0.9197936725616455,0.6747524456901088,0.8219559302926064,4.0
