BLEU,CHRF,CHRF++,TER,BERT-P,BERT-R,BERT-F1,METEOR,COMET,CHRF<10
24.155131630065224,40.59314993501307,39.393721782422865,146.81193414428708,0.7931540465354919,0.8238243424892425,0.8066869521141052,0.1429335350131048,0.624069121479988,9.0
