BLEU,CHRF,CHRF++,TER,BERT-P,BERT-R,BERT-F1,METEOR,CHRF<10,COMET
20.276771176918142,38.911746241799214,38.518300040844686,90.61913696060037,0.7931525707244873,0.8238211274147034,0.8066847324371338,0.14293353501310477,9,0.624069121479988
