BLEU,CHRF,CHRF++,TER,BERT-P,BERT-R,BERT-F1,METEOR,CHRF<10,COMET
34.50536980876253,64.08551158042135,62.97832639175641,63.600782778864975,0.8531086444854736,0.8885402083396912,0.8691464066505432,0.6133394272139722,7,0.7890311694145202
