BLEU,CHRF,CHRF++,TER,BERT-P,BERT-R,BERT-F1,METEOR,CHRF<10,COMET
25.76303160506359,37.859829063486764,36.230012668097736,84.23295454545455,0.7529797554016113,0.7615211606025696,0.7549237012863159,0.3756103242002387,27,0.6602490562200546
