BLEU,CHRF,CHRF++,TER,BERT-P,BERT-R,BERT-F1,METEOR,COMET,CHRF<10
20.807540256211077,36.73718233166172,33.85298731207256,144.3361498408712,0.7529807990789413,0.7615260007977486,0.7549265789985656,0.37561032420023865,0.6602490562200546,27.0
