BLEU,CHRF,CHRF++,TER,BERT-P,BERT-R,BERT-F1,METEOR,CHRF<10,COMET
29.095014593180245,52.01258978809673,51.59858630029004,70.85953878406708,0.8150277733802795,0.8373551964759827,0.8245034217834473,0.5388863386152085,19,0.7320875597000122
