BLEU,CHRF,CHRF++,TER,BERT-P,BERT-R,BERT-F1,METEOR,CHRF<10,COMET
17.120715429329163,48.636032388476636,47.4193307246423,88.70967741935483,0.7533851861953735,0.8122999668121338,0.7765676975250244,0.5022308505468921,8,0.7537027272582054
