BLEU,CHRF,CHRF++,TER,BERT-P,BERT-R,BERT-F1,METEOR,CHRF<10,COMET
30.213640135365537,46.539942277465705,46.37771672094345,89.05405405405405,0.7523332238197327,0.8132591247558594,0.7779161334037781,0.4984613353268416,24,0.741252811551094
