BLEU,CHRF,CHRF++,TER,BERT-P,BERT-R,BERT-F1,METEOR,COMET,CHRF<10
18.624705760271876,52.631993935766616,48.787568826687114,80.25411541819713,0.7951894670724868,0.8074213516712189,0.8009649920463562,0.4675942061267155,0.7218017113208771,0.0
