cluster,BLEU,CHRF++,BERT-F1,COMET
1,14.010654842589561,44.49621039790763,0.786670308364065,0.6906577882013822
0,19.07838512740535,49.44308898744929,0.8045135087826673,0.7212203793665942
2,24.335735631321505,53.81556649910518,0.8160560067210879,0.7647743672132492
