BLEU,CHRF,CHRF++,TER,BERT-P,BERT-R,BERT-F1,METEOR,COMET,CHRF<10
12.151416554270043,42.17162793066792,38.504209874374936,129.68156284835453,0.7201082038879395,0.7468847686052322,0.7326207506656647,0.3639135244312375,0.6238616931438447,10.0
