cluster,BLEU,CHRF++,BERT-F1,COMET
1,11.1210487349811,38.33766793397448,0.7191890054627469,0.5875438875273654
0,10.02424093207033,35.1529636083238,0.7299009438823251,0.6189780761213863
2,16.13277185026183,42.799601545123366,0.754152170249394,0.6790802500077656
