BLEU,CHRF,CHRF++,TER,BERT-P,BERT-R,BERT-F1,METEOR,CHRF<10,COMET
14.5890152268313,44.05343138739372,40.362870459934726,113.41397364145152,0.7201085090637207,0.7468820214271545,0.7326196432113647,0.3639135244312376,10,0.6238616931438447
