cluster,BLEU,CHRF++,BERT-F1,COMET
0,27.231558619086478,42.37685059599313,0.8109335849479754,0.7120800144818364
1,23.380922880575678,31.875425171627658,0.7649155405483076,0.6230101947273526
2,32.69859555911868,42.93100782308123,0.7936908934281501,0.6815002306457206
