Method,2_BLEU,2_CHRF++,2_BERT-F1,2_COMET,2_DA-Score,0_BLEU,0_CHRF++,0_BERT-F1,0_COMET,0_DA-Score,1_BLEU,1_CHRF++,1_BERT-F1,1_COMET,1_DA-Score
qwenvl-max,32.69859555911868,42.93100782308123,0.7936908934281501,0.6815002306457206,0.5646999902497098,27.23155861908648,42.37685059599313,0.8109335849479754,0.7120800144818364,0.5586442808086035,23.38092288057568,31.875425171627658,0.7649155405483076,0.6230101947273526,0.4917179287648669
