cluster,BLEU,CHRF++,BERT-F1,COMET
1,21.765652027761185,28.020504771310517,0.7548804059624672,0.6021904340013862
0,21.20577810805489,37.783142354709234,0.8074661663600377,0.6765671287264142
2,28.864418642230135,43.50400619142232,0.8015501770106229,0.656711911613291
