BLEU,CHRF,CHRF++,TER,BERT-P,BERT-R,BERT-F1,METEOR,CHRF<10,COMET
18.304951234604097,37.5724063558399,35.277058838392364,111.79673321234121,0.7767250537872314,0.8045276403427124,0.7886753678321838,0.3559953579914852,21,0.6462143647670746
