BLEU,CHRF,CHRF++,TER,BERT-P,BERT-R,BERT-F1,METEOR,COMET,CHRF<10
23.91228913863874,38.73453143666422,36.546983394136966,139.9469696969697,0.776735098361969,0.8045396226644516,0.7886864465475082,0.3559953579914852,0.6462143647670746,21.0
