cluster,BLEU,CHRF++,BERT-F1,COMET
1,23.271932790701126,44.06037199113385,0.7732665482908487,0.6601906782016158
0,28.286968009284916,49.32186561665025,0.8225297493594034,0.7377840314592634
2,43.42369061369359,55.12995836305575,0.8310874032251763,0.712976974068266
