BLEU,CHRF,CHRF++,TER,BERT-P,BERT-R,BERT-F1,METEOR,COMET,CHRF<10
39.186997151778776,54.70829523621861,53.02669660656811,167.08483322233323,0.8297499763965607,0.893661406636238,0.8593014925718307,0.5612060301896235,0.7419389238953591,12.0
