BLEU,CHRF,CHRF++,TER,BERT-P,BERT-R,BERT-F1,METEOR,CHRF<10,COMET
19.846377448323008,54.36653737607424,52.1104240400993,120.08639308855291,0.8297522068023682,0.893662691116333,0.8593035936355591,0.5612060301896235,12,0.7419389238953591
