BLEU,CHRF,CHRF++,TER,BERT-P,BERT-R,BERT-F1,METEOR,COMET,CHRF<10
31.677275198792962,51.043529618573345,49.55485826279881,227.5726691786474,0.7867158731818199,0.8381993761658668,0.809589550793171,0.4803676190576367,0.704767829477787,15.0
