cluster,BLEU,CHRF++,BERT-F1,COMET
1,32.32805315573694,40.82109395354535,0.8634567577391863,0.6778779644519091
0,33.55798919544529,56.81950771781828,0.8575399603162494,0.7728621891566685
2,51.808254313748805,60.83975406120366,0.8571404363169814,0.7712612395936792
