cluster,BLEU,CHRF++,BERT-F1,COMET
1,18.618539068033026,23.074149277674728,0.7646198812872171,0.5324470829218626
0,23.886989072479658,36.628577670078705,0.7877094464642661,0.5985623291560582
2,16.324013581604365,27.983894446003998,0.7469973853140166,0.5391872651649244
