BLEU,CHRF,CHRF++,TER,BERT-P,BERT-R,BERT-F1,METEOR,COMET,CHRF<10
19.70530315906789,29.885540272891873,29.438415120564784,252.04683571259662,0.7459049642086029,0.7932694864273071,0.7668858054280281,0.13323441279443757,0.5578116792440414,32.0
