BLEU,CHRF,CHRF++,TER,BERT-P,BERT-R,BERT-F1,METEOR,CHRF<10,COMET
18.62768959630171,34.77646171890466,34.785903040261736,137.91390728476821,0.7426532506942749,0.8024834990501404,0.7693631052970886,0.40507139471334214,35,0.6633342346549034
