cluster,BLEU,CHRF++,BERT-F1,COMET
1,17.23206167917631,22.597441911941125,0.7327036689966917,0.5971154803410172
0,28.757056868375372,37.95852541520455,0.7944031349250249,0.7200928143092564
2,25.174139506914717,37.88113579282378,0.7783514712796067,0.6673478664773883
