BLEU,CHRF,CHRF++,TER,BERT-P,BERT-R,BERT-F1,METEOR,COMET,CHRF<10
23.500518007326423,36.70913135400699,34.58443915358778,181.59795849575264,0.752705694437027,0.7885237261652946,0.7682325208187103,0.35709324121047764,0.6668964350223541,27.0
