cluster,BLEU,CHRF++,BERT-F1,COMET
1,16.17866437443471,25.566722880514778,0.736210972070694,0.6012134943157434
0,24.691517428074846,40.424070134082214,0.7996852346829005,0.7095395471368517
2,29.337316083882158,37.13534328755843,0.7659247806577971,0.6853614404346003
