cluster,BLEU,CHRF++,BERT-F1,COMET
1,34.27155706818647,38.98769141527323,0.7292705494910479,0.6900362288579345
0,30.2346116518904,37.70226526340869,0.8072014025279454,0.7691520614283426
2,33.958336171756955,38.04296261950066,0.7747846001928503,0.7376549171678948
