BLEU,CHRF,CHRF++,TER,BERT-P,BERT-R,BERT-F1,METEOR,COMET,CHRF<10
20.13856932425056,37.37292368596063,34.84166248987026,144.91355267539478,0.7616783457994462,0.7726929545402527,0.7653941136598587,0.3188009010367179,0.5959174439311028,24.0
