BLEU,CHRF,CHRF++,TER,BERT-P,BERT-R,BERT-F1,METEOR,CHRF<10,COMET
16.52198026434635,37.736916894366615,34.93195456572573,107.30897009966777,0.7616786360740662,0.7726854085922241,0.7653907537460327,0.3188009010367179,24,0.5959174439311028
