BLEU,CHRF,CHRF++,TER,BERT-P,BERT-R,BERT-F1,METEOR,CHRF<10,COMET
13.012845146116883,52.08192809713496,47.99473479635777,109.11016949152543,0.7795214653015137,0.8125322461128235,0.793103814125061,0.37000013980728097,12,0.6579766145348549
