BLEU,CHRF,CHRF++,TER,BERT-P,BERT-R,BERT-F1,METEOR,COMET,CHRF<10
21.809710837668334,47.76077166815184,44.57685654962474,208.30077773533657,0.7795242932438851,0.8125361233949662,0.7931073984503746,0.37000013980728086,0.6579766145348549,12.0
