BLEU,CHRF,CHRF++,TER,BERT-P,BERT-R,BERT-F1,METEOR,CHRF<10,COMET
20.71979484018877,58.89921073401306,56.30069186716516,107.40740740740742,0.8685534000396729,0.9003944993019104,0.8830261826515198,0.48750493478600077,9,0.6870252698659897
