BLEU,CHRF,CHRF++,TER,BERT-P,BERT-R,BERT-F1,METEOR,COMET,CHRF<10
30.33807284497506,54.86641788660635,52.958379020096906,246.34882661198452,0.868552777171135,0.9004018819332122,0.8830294501781464,0.4875049347860007,0.6870252698659897,9.0
