BLEU,CHRF,CHRF++,TER,BERT-P,BERT-R,BERT-F1,METEOR,COMET,CHRF<10
26.213077323212634,52.93026775842233,50.08185947378492,321.66337507521723,0.7902599793672561,0.8276819342374802,0.8056183734536171,0.436841652641172,0.6631995162367821,8.0
