BLEU,CHRF,CHRF++,TER,BERT-P,BERT-R,BERT-F1,METEOR,CHRF<10,COMET
14.921393934208558,54.78914584835435,51.329178688971155,128.88888888888889,0.7902721166610718,0.8276833295822144,0.8056261539459229,0.436841652641172,8,0.6631995162367821
