BLEU,CHRF,CHRF++,TER,BERT-P,BERT-R,BERT-F1,METEOR,CHRF<10,COMET
21.519027774992576,58.98914616093472,55.8198819522142,102.14424951267056,0.7968103885650635,0.8314767479896545,0.8108416795730591,0.47506356290967794,11,0.6594113764166832
