BLEU,CHRF,CHRF++,TER,BERT-P,BERT-R,BERT-F1,METEOR,COMET,CHRF<10
29.17809225672636,55.10645647595164,52.517278572558645,219.94600677100675,0.7968071526288987,0.8314773815870286,0.810839809179306,0.4750635629096779,0.6594113764166832,11.0
