BLEU,CHRF,CHRF++,TER,BERT-P,BERT-R,BERT-F1,METEOR,CHRF<10,COMET
8.083841752301897,31.873407173187857,29.8373099988037,127.71084337349396,0.7426188588142395,0.7682028412818909,0.7533418536186218,0.0772127930609509,30,0.49288985788822176
