BLEU,CHRF,CHRF++,TER,BERT-P,BERT-R,BERT-F1,METEOR,COMET,CHRF<10
13.730856006786617,30.028072703423614,28.114703017030564,214.76195471195476,0.7426265114545822,0.768204773068428,0.7533473879098892,0.0772127930609509,0.49288985788822176,30.0
