BLEU,CHRF,CHRF++,TER,BERT-P,BERT-R,BERT-F1,METEOR,CHRF<10,COMET
21.748955998325904,34.17653111543006,32.9946306344799,101.87074829931973,0.7431336045265198,0.7775788903236389,0.75780189037323,0.3660165965109454,27,0.6116810435056687
