BLEU,CHRF,CHRF++,TER,BERT-P,BERT-R,BERT-F1,METEOR,COMET,CHRF<10
21.782811427235266,31.29876427902109,30.27454698945189,196.37458696704056,0.7431416243314743,0.7775923430919647,0.7578119504451751,0.3660165965109453,0.6116810435056687,27.0
