BLEU,CHRF,CHRF++,TER,BERT-P,BERT-R,BERT-F1,METEOR,CHRF<10,COMET
19.822286571440305,34.18916090280671,33.39369719522808,111.11111111111111,0.7553995251655579,0.7896974086761475,0.770423412322998,0.3506569538451504,27,0.6007958456873894
