BLEU,CHRF,CHRF++,TER,BERT-P,BERT-R,BERT-F1,METEOR,COMET,CHRF<10
19.238441215589955,28.068747181279214,27.89398095634173,191.98927510398102,0.7553937155008316,0.7896978205442429,0.7704206508398056,0.35065695384515033,0.6007958456873894,27.0
