BLEU,CHRF,CHRF++,TER,BERT-P,BERT-R,BERT-F1,METEOR,CHRF<10,COMET
24.677244445508606,57.54770897068933,54.06041177777574,95.98393574297188,0.7970294952392578,0.8333423137664795,0.8122567534446716,0.44693602038198493,12,0.6744184145331382
