BLEU,CHRF,CHRF++,TER,BERT-P,BERT-R,BERT-F1,METEOR,COMET,CHRF<10
28.213403532394413,53.12008544219346,50.52021195937064,175.77165013349224,0.7970218744874,0.8333337438106537,0.8122489649057388,0.4469360203819848,0.6744184145331382,12.0
