BLEU,CHRF,CHRF++,TER,BERT-P,BERT-R,BERT-F1,METEOR,COMET,CHRF<10
17.168820201784158,32.65520443506014,30.75524966475496,154.5211569476275,0.735935451388359,0.7582584273815155,0.7447009909152985,0.3737341857112611,0.6119415485858917,29.0
