BLEU,CHRF,CHRF++,TER,BERT-P,BERT-R,BERT-F1,METEOR,CHRF<10,COMET
7.603303147347432,34.14099514645595,31.624870288244196,106.070826306914,0.7359223961830139,0.7582488059997559,0.744689404964447,0.37373418571126105,29,0.6119415485858917
