BLEU,CHRF,CHRF++,TER,BERT-P,BERT-R,BERT-F1,METEOR,COMET,CHRF<10
21.473663261600873,42.91586889689934,40.614102711196004,199.91707955786904,0.644906419813633,0.7071561482548714,0.6664108046889305,0.38361095780087906,0.6638119554519654,14.0
