BLEU,CHRF,CHRF++,TER,BERT-P,BERT-R,BERT-F1,METEOR,CHRF<10,COMET
14.478786540757902,48.14879043718703,44.82319239566206,105.67951318458417,0.6448972821235657,0.7071459293365479,0.666401207447052,0.383610957800879,14,0.6638119554519654
