BLEU,CHRF,CHRF++,TER,BERT-P,BERT-R,BERT-F1,METEOR,COMET,CHRF<10
16.011771002470603,32.33414985248204,30.617388554777357,211.44678932178934,0.7350443756580353,0.764123511314392,0.747713543176651,0.379862575440152,0.5618933114409447,33.0
