BLEU,CHRF,CHRF++,TER,BERT-P,BERT-R,BERT-F1,METEOR,CHRF<10,COMET
10.26632867400827,35.18685466463253,32.858758923286416,126.47058823529412,0.7350356578826904,0.7641241550445557,0.7477089166641235,0.3798625754401519,33,0.5618933114409447
