BLEU,CHRF,CHRF++,TER,BERT-P,BERT-R,BERT-F1,METEOR,COMET,CHRF<10
25.50032936537805,30.92527431531297,30.37375258620165,184.98286766123456,0.7275902345776558,0.7848822265863419,0.7499329566955566,0.4300226526316356,0.6564029097557068,17.0
