BLEU,CHRF,CHRF++,TER,BERT-P,BERT-R,BERT-F1,METEOR,CHRF<10,COMET
23.275037128429116,35.79633759053564,34.68812189401343,103.98009950248756,0.7275978922843933,0.784888744354248,0.7499403953552246,0.4300226526316354,17,0.6564029097557068
