cluster,BLEU,CHRF++,BERT-F1,COMET
1,7.069134248333503,28.50381254728908,0.744870618769997,0.48284552167905004
0,9.969229189418671,33.211003198792035,0.7586464198196635,0.49872667649213004
2,17.884296398777852,41.436407956951875,0.7906931298119682,0.5767262897321156
