BLEU,CHRF,CHRF++,TER,BERT-P,BERT-R,BERT-F1,METEOR,CHRF<10,COMET
13.537392750893178,38.25005524197701,36.400765500667475,84.52816386247257,0.760841965675354,0.7644404768943787,0.7623820304870605,0.32085814295357523,2,0.5145317293703556
