BLEU,CHRF,CHRF++,TER,BERT-P,BERT-R,BERT-F1,METEOR,COMET,CHRF<10
39.70268469513249,50.94981490881432,50.04536503495104,185.81060650306006,0.8168812119960784,0.8566611921787262,0.8342793315649033,0.5635616869037157,0.7433498677611351,12.0
