BLEU,CHRF,CHRF++,TER,BERT-P,BERT-R,BERT-F1,METEOR,COMET,CHRF<10
30.85156079915667,45.254597385454865,43.17230532136754,120.77544987692046,0.7844827675819397,0.8166675734519958,0.7983698511123657,0.5093359785773407,0.7105412766337394,17.0
