BLEU,CHRF,CHRF++,TER,BERT-P,BERT-R,BERT-F1,METEOR,CHRF<10,COMET
19.33186029820496,30.45412390672584,28.76638857497368,121.79878048780488,0.7332273125648499,0.748772144317627,0.7393887042999268,0.28749862547713223,30,0.5895964395999909
