BLEU,CHRF,CHRF++,TER,BERT-P,BERT-R,BERT-F1,METEOR,COMET,CHRF<10
17.520670498383954,29.619716899051628,27.671101890804888,274.81985558301346,0.7332289481163025,0.7487840533256531,0.7393953794240952,0.2874986254771323,0.5895964395999909,30.0
