BLEU,CHRF,CHRF++,TER,BERT-P,BERT-R,BERT-F1,METEOR,CHRF<10,COMET
9.909177536832322,39.28777713685731,36.162394751790636,94.1398865784499,0.7506579756736755,0.7803704142570496,0.7640458941459656,0.2426298835468132,31,0.6116429409384727
