BLEU,CHRF,CHRF++,TER,BERT-P,BERT-R,BERT-F1,METEOR,COMET,CHRF<10
15.801496760596127,34.85719021093638,31.95563531939042,163.28411822096032,0.7506679257750511,0.780376888513565,0.7640540611743927,0.24262988354681314,0.6116429409384727,31.0
