BLEU,CHRF,CHRF++,TER,BERT-P,BERT-R,BERT-F1,METEOR,CHRF<10,COMET
17.201014679049493,53.98127630155848,50.07031404473785,87.89571694599627,0.7916099429130554,0.822062075138092,0.8049496412277222,0.3642320935471613,21,0.6847995442152023
