BLEU,CHRF,CHRF++,TER,BERT-P,BERT-R,BERT-F1,METEOR,CHRF<10,COMET
15.943746911516008,47.01316951676979,44.365556484722305,151.78236397748591,0.8573289513587952,0.8849801421165466,0.8697773218154907,0.4209716327361655,21,0.6792721843719483
