BLEU,CHRF,CHRF++,TER,BERT-P,BERT-R,BERT-F1,METEOR,COMET,CHRF<10
25.42064496425546,49.26483763305236,45.69789404241114,179.70442130968448,0.7916130396723747,0.8220625269412994,0.8049514150619507,0.36423209354716124,0.6847995442152023,21.0
