BLEU,CHRF,CHRF++,TER,BERT-P,BERT-R,BERT-F1,METEOR,COMET,CHRF<10
34.335249348336994,51.69909792075698,49.21307171069513,445.58098334414126,0.8573309409618378,0.8850029456615448,0.8697903829813004,0.4209716327361656,0.6792721843719483,21.0
