BLEU,CHRF,CHRF++,TER,BERT-P,BERT-R,BERT-F1,METEOR,COMET,CHRF<10
24.709006817180725,46.59438229907703,42.957359020518,291.5013620882042,0.7737864685058594,0.8135794007778168,0.7914010894298553,0.3434426628004188,0.6346017360687256,24.0
