BLEU,CHRF,CHRF++,TER,BERT-P,BERT-R,BERT-F1,METEOR,CHRF<10,COMET
11.548670523898231,47.51755923940765,43.82953929844685,124.53874538745386,0.7737777829170227,0.8135721683502197,0.7913934588432312,0.34344266280041874,24,0.6346017360687256
