BLEU,CHRF,CHRF++,TER,BERT-P,BERT-R,BERT-F1,METEOR,COMET,CHRF<10
10.189904488545281,20.511081749064275,18.45133449002148,155.4775502275502,0.7038574939966202,0.7284271335601806,0.7151477402448654,0.08238950225333586,0.47093562841415404,45.0
