BLEU,CHRF,CHRF++,TER,BERT-P,BERT-R,BERT-F1,METEOR,CHRF<10,COMET
9.476959221593395,21.905429103890892,20.11385835874971,104.88245931283906,0.7038547992706299,0.7284159660339355,0.7151408195495605,0.0823895022533359,45,0.47093562841415404
