BLEU,CHRF,CHRF++,TER,BERT-P,BERT-R,BERT-F1,METEOR,CHRF<10,COMET
11.911134488857744,45.222396571271794,41.33055561912647,115.1969981238274,0.7768244743347168,0.8082910776138306,0.7906435132026672,0.2891410828551541,18,0.6533357292413712
