BLEU,CHRF,CHRF++,TER,BERT-P,BERT-R,BERT-F1,METEOR,COMET,CHRF<10
21.263496239849278,42.95009326523095,39.15967483380672,237.56750734645476,0.7768189612030983,0.8082806897163392,0.7906360471248627,0.2891410828551541,0.6533357292413712,18.0
