BLEU,CHRF,CHRF++,TER,BERT-P,BERT-R,BERT-F1,METEOR,COMET,CHRF<10
19.17904713350896,27.41993483062678,25.36079251210555,133.01433566433568,0.728243522644043,0.7647693419456482,0.7448927983641624,0.3103664001877663,0.5960524612665177,46.0
