BLEU,CHRF,CHRF++,TER,BERT-P,BERT-R,BERT-F1,METEOR,CHRF<10,COMET
25.78195201206856,32.989850815012204,31.132157560338907,86.80555555555556,0.7282254099845886,0.7647444009780884,0.7448718547821045,0.31036640018776634,46,0.5960524612665177
