BLEU,CHRF,CHRF++,TER,BERT-P,BERT-R,BERT-F1,METEOR,CHRF<10,COMET
20.550219900395778,31.39626314425053,28.734851603036454,102.56410256410255,0.7341200113296509,0.7556408643722534,0.7437452673912048,0.3023633558200268,49,0.5936691391468049
