BLEU,CHRF,CHRF++,TER,BERT-P,BERT-R,BERT-F1,METEOR,COMET,CHRF<10
19.43092638875454,24.856822130908817,23.25728958241167,183.4457075088654,0.7341186046600342,0.7556573379039765,0.7437529951334,0.30236335582002694,0.5936691391468049,49.0
