BLEU,CHRF,CHRF++,TER,BERT-P,BERT-R,BERT-F1,METEOR,COMET,CHRF<10
16.874291418812525,27.95170550809481,25.46991503758356,218.39849667875987,0.7161941549181938,0.7405509167909622,0.7260047173500062,0.2993773327228472,0.5838357934355736,42.0
