BLEU,CHRF,CHRF++,TER,BERT-P,BERT-R,BERT-F1,METEOR,CHRF<10,COMET
17.38136376019232,30.669054408612205,28.081701832689372,105.20673813169985,0.7161867022514343,0.740548849105835,0.7259997725486755,0.2993773327228473,42,0.5838357934355736
