BLEU,CHRF,CHRF++,TER,BERT-P,BERT-R,BERT-F1,METEOR,CHRF<10,COMET
16.10206707103806,44.37227518470121,40.714843020580034,88.6319845857418,0.6106617450714111,0.6722872257232666,0.6350471377372742,0.29368076003921817,20,0.6426054736971856
