BLEU,CHRF,CHRF++,TER,BERT-P,BERT-R,BERT-F1,METEOR,COMET,CHRF<10
20.458664311867917,39.186020484720835,35.91404699095406,160.9342280526491,0.6106657448410988,0.6722941115498543,0.6350522795319558,0.29368076003921817,0.6426054736971856,20.0
