BLEU,CHRF,CHRF++,TER,BERT-P,BERT-R,BERT-F1,METEOR,CHRF<10,COMET
13.265658319802109,29.178890110415463,26.64321529556038,109.81963927855712,0.7245524525642395,0.7589016556739807,0.7400134205818176,0.3261984360205124,39,0.5695724174380302
