BLEU,CHRF,CHRF++,TER,BERT-P,BERT-R,BERT-F1,METEOR,COMET,CHRF<10
17.390952971965543,28.68231403876109,26.092049802713667,197.75562624509993,0.7245627692341805,0.7589128422737121,0.7400241595506668,0.3261984360205124,0.5695724174380302,39.0
