BLEU,CHRF,CHRF++,TER,BERT-P,BERT-R,BERT-F1,METEOR,CHRF<10,COMET
24.432116547500108,39.23271845320457,37.07636442035536,106.66666666666667,0.7049520015716553,0.7482140064239502,0.7229429483413696,0.3628414415385843,29,0.6522951632738113
