BLEU,CHRF,CHRF++,TER,BERT-P,BERT-R,BERT-F1,METEOR,COMET,CHRF<10
25.70340821619779,33.79509568432706,31.296535342532223,167.90494753784228,0.7049493452906609,0.7482178393006325,0.7229433611035347,0.3628414415385841,0.6522951632738113,29.0
