BLEU,CHRF,CHRF++,TER,BERT-P,BERT-R,BERT-F1,METEOR,COMET,CHRF<10
23.68413605623043,42.84621287315375,39.91205558946246,119.98555231318389,0.7780612426996231,0.7965721583366394,0.7854425728321075,0.35273013154233696,0.6619913232326508,19.0
