BLEU,CHRF,CHRF++,TER,BERT-P,BERT-R,BERT-F1,METEOR,COMET,CHRF<10
37.212280522515215,56.887795434017974,54.635007458130815,192.3535407574881,0.819533894956112,0.8543663519620895,0.8338137316703796,0.5574754998887271,0.7294839280843735,2.0
