BLEU,CHRF,CHRF++,TER,BERT-P,BERT-R,BERT-F1,METEOR,CHRF<10,COMET
25.410337004939453,60.62270670897488,57.916360148212554,92.12121212121212,0.8195344805717468,0.8543680310249329,0.833815336227417,0.5574754998887271,2,0.7294839280843735
