BLEU,CHRF,CHRF++,TER,BERT-P,BERT-R,BERT-F1,METEOR,COMET,CHRF<10
45.430761604840036,59.64283147390809,57.89325078789355,179.6352564102564,0.8252401384711265,0.8537228375673294,0.8365662688016892,0.6103831976855159,0.732808367908001,5.0
