BLEU,CHRF,CHRF++,TER,BERT-P,BERT-R,BERT-F1,METEOR,CHRF<10,COMET
30.86094957256058,51.437896870134246,50.540130821910736,92.3469387755102,0.8168727159500122,0.8566468954086304,0.8342686295509338,0.5635616869037157,12,0.7433498677611351
