BLEU,CHRF,CHRF++,TER,BERT-P,BERT-R,BERT-F1,METEOR,CHRF<10,COMET
28.108741550621364,47.024734575184716,46.80356414414641,103.20512820512822,0.8048548698425293,0.8452702164649963,0.8230897784233093,0.506229036483357,15,0.7211251679062843
