BLEU,CHRF,CHRF++,TER,BERT-P,BERT-R,BERT-F1,METEOR,CHRF<10,COMET
28.432077606115236,61.058191654867976,59.03958542993324,93.37349397590361,0.8182635307312012,0.8553480505943298,0.8333982825279236,0.5676035392264093,2,0.7311866983771325
