BLEU,CHRF,CHRF++,TER,BERT-P,BERT-R,BERT-F1,METEOR,COMET,CHRF<10
31.482990332174303,50.81943598909281,49.09431779980425,185.37319624819625,0.8080434471368789,0.8391209304332733,0.8216221565008164,0.5190731678724514,0.7071600431203842,9.0
