BLEU,CHRF,CHRF++,TER,BERT-P,BERT-R,BERT-F1,METEOR,CHRF<10,COMET
30.186824145012057,43.285314342163325,42.99949604691371,91.29353233830845,0.7794613838195801,0.8419132232666016,0.804674506187439,0.47555850014321416,10,0.7388928642868996
