BLEU,CHRF,CHRF++,TER,BERT-P,BERT-R,BERT-F1,METEOR,COMET,CHRF<10
36.59404085600149,41.08889628241199,40.55761344894384,182.05046269090388,0.7794557240605354,0.8419102388620376,0.8046696406602859,0.4755585001432141,0.7388928642868996,10.0
