BLEU,CHRF,CHRF++,TER,BERT-P,BERT-R,BERT-F1,METEOR,COMET,CHRF<10
22.12127820976478,31.72142758127161,29.71132043114624,216.3607874667472,0.741630409359932,0.7630380046367645,0.7498112785816192,0.37857729571199955,0.6264939093589783,20.0
