BLEU,CHRF,CHRF++,TER,BERT-P,BERT-R,BERT-F1,METEOR,CHRF<10,COMET
19.184194280811564,31.653491419002243,29.69991032924762,145.35666218034993,0.7416330575942993,0.7630323767662048,0.7498096227645874,0.37857729571199955,20,0.6264939093589783
