BLEU,CHRF,CHRF++,TER,BERT-P,BERT-R,BERT-F1,METEOR,CHRF<10,COMET
15.171679278091638,43.02335708320066,41.62786426948462,150.28571428571428,0.7547059059143066,0.8192839622497559,0.7829222083091736,0.42032804116196304,7,0.6683600479364395
