BLEU,CHRF,CHRF++,TER,BERT-P,BERT-R,BERT-F1,METEOR,COMET,CHRF<10
22.21001357134227,44.85596246599229,44.41129057555004,220.51144771894772,0.7547088831663131,0.8192835170030593,0.782923718392849,0.42032804116196304,0.6683600479364395,7.0
