BLEU,CHRF,CHRF++,TER,BERT-P,BERT-R,BERT-F1,METEOR,CHRF<10,COMET
16.18106861245325,45.820272677843846,44.446313916493736,148.54368932038835,0.8765580654144287,0.9076799154281616,0.8908002972602844,0.46466113302261747,6,0.6956850680708885
