BLEU,CHRF,CHRF++,TER,BERT-P,BERT-R,BERT-F1,METEOR,COMET,CHRF<10
21.827904280356485,42.04483027860477,41.263401130250905,248.17525641025637,0.7503697168827057,0.8069123595952987,0.7746189665794373,0.40872580357722943,0.6620220631361008,9.0
