BLEU,CHRF,CHRF++,TER,BERT-P,BERT-R,BERT-F1,METEOR,COMET,CHRF<10
29.80989124705986,48.34270863910524,47.68412385477645,218.31274558774558,0.8765689045190811,0.9076994007825852,0.8908149605989456,0.4646611330226175,0.6956850680708885,6.0
