BLEU,CHRF,CHRF++,TER,BERT-P,BERT-R,BERT-F1,METEOR,CHRF<10,COMET
11.848294210228211,40.01111143935645,38.42093746371268,161.070110701107,0.7503726482391357,0.8069099187850952,0.7746195197105408,0.4087258035772293,9,0.6620220631361008
