BLEU,CHRF,CHRF++,TER,BERT-P,BERT-R,BERT-F1,METEOR,CHRF<10,COMET
13.55160616301639,40.704963737451955,39.6565104016483,165.31365313653137,0.7410078644752502,0.8018469214439392,0.7671252489089966,0.41264681678980025,11,0.6421324053406715
