BLEU,CHRF,CHRF++,TER,BERT-P,BERT-R,BERT-F1,METEOR,COMET,CHRF<10
20.320294113070716,41.398628932050386,41.06428339512512,252.31886446886446,0.7410216900706291,0.8018631565570832,0.7671394369006157,0.4126468167898002,0.6421324053406715,11.0
