BLEU,CHRF,CHRF++,TER,BERT-P,BERT-R,BERT-F1,METEOR,COMET,CHRF<10
22.25545023461479,37.66757725669762,37.532600671027275,241.5013764013764,0.7523173749446869,0.8083092445135116,0.777534106373787,0.1560696275193598,0.6222764103114605,13.0
