BLEU,CHRF,CHRF++,TER,BERT-P,BERT-R,BERT-F1,METEOR,CHRF<10,COMET
13.918666352636226,37.48603588886511,37.222147158283576,160.22944550669217,0.7523036003112793,0.8082908391952515,0.7775183320045471,0.1560696275193598,13,0.6222764103114605
