BLEU,CHRF,CHRF++,TER,BERT-P,BERT-R,BERT-F1,METEOR,CHRF<10,COMET
15.587050311859706,40.83643551864396,39.9866904831805,151.76908752327748,0.7547541260719299,0.8138711452484131,0.7805992364883423,0.4061525712262013,12,0.6525773534178734
