BLEU,CHRF,CHRF++,TER,BERT-P,BERT-R,BERT-F1,METEOR,COMET,CHRF<10
22.193564510981506,41.300986914692004,40.85781913792561,224.85909003277422,0.7547630962729454,0.8138810378313065,0.7806079742312432,0.40615257122620135,0.6525773534178734,12.0
