BLEU,CHRF,CHRF++,TER,BERT-P,BERT-R,BERT-F1,METEOR,CHRF<10,COMET
22.966188402511694,42.69311576455663,40.665651111733155,141.82509505703422,0.7569923400878906,0.8069948554039001,0.7786887884140015,0.5225913428032127,14,0.6578130239248275
