BLEU,CHRF,CHRF++,TER,BERT-P,BERT-R,BERT-F1,METEOR,COMET,CHRF<10
26.80055378088285,39.977735711805956,39.79459582917493,212.13632103190923,0.7569937714934349,0.8069972068071365,0.7786904990673065,0.5225913428032127,0.6578130239248275,14.0
