BLEU,CHRF,CHRF++,TER,BERT-P,BERT-R,BERT-F1,METEOR,CHRF<10,COMET
14.478595853967164,41.30639808519241,40.06807826163443,154.25925925925924,0.7571107745170593,0.8146984577178955,0.7824132442474365,0.4000951833850519,11,0.6677894714474678
