BLEU,CHRF,CHRF++,TER,BERT-P,BERT-R,BERT-F1,METEOR,COMET,CHRF<10
22.78528697689577,42.51066375365066,41.8378487759585,241.26738150738146,0.7571212971210479,0.8147124689817429,0.7824255222082138,0.40009518338505196,0.6677894714474678,11.0
