BLEU,CHRF,CHRF++,TER,BERT-P,BERT-R,BERT-F1,METEOR,COMET,CHRF<10
21.431950370099244,37.23019730186558,36.60316341969813,222.05785048285048,0.744904126226902,0.8011265236139298,0.769615716934204,0.4132300918418598,0.6485042634606362,17.0
