BLEU,CHRF,CHRF++,TER,BERT-P,BERT-R,BERT-F1,METEOR,CHRF<10,COMET
12.481276556754658,38.22034657707136,37.471784599862715,149.81203007518798,0.7449040412902832,0.801114022731781,0.7696107625961304,0.4132300918418598,17,0.6485042634606362
