BLEU,CHRF,CHRF++,TER,BERT-P,BERT-R,BERT-F1,METEOR,COMET,CHRF<10
22.46190099748505,39.39860537002979,39.65934750020672,155.87971479004088,0.7519184246659278,0.8180645936727524,0.7810496440529824,0.46499495460103213,0.6685855337977409,19.0
