BLEU,CHRF,CHRF++,TER,BERT-P,BERT-R,BERT-F1,METEOR,CHRF<10,COMET
15.067108327030928,41.03120403025037,41.13844895915655,110.1364522417154,0.7519106864929199,0.8180597424507141,0.7810434103012085,0.46499495460103213,19,0.6685855337977409
