BLEU,CHRF,CHRF++,TER,BERT-P,BERT-R,BERT-F1,METEOR,COMET,CHRF<10
23.995401926529325,43.166068627393855,43.1268289744985,214.05236968913442,0.6453373408317566,0.7445114868879318,0.6823770871758461,0.4260421070008897,0.673189146220684,12.0
