BLEU,CHRF,CHRF++,TER,BERT-P,BERT-R,BERT-F1,METEOR,CHRF<10,COMET
11.831579217229564,40.204507319067005,39.260258188256785,145.61403508771932,0.645335853099823,0.7445108294487,0.6823771595954895,0.4260421070008896,12,0.673189146220684
