BLEU,CHRF,CHRF++,TER,BERT-P,BERT-R,BERT-F1,METEOR,CHRF<10,COMET
13.554269942359669,45.98300126422883,44.706297719627806,182.13689482470784,0.718310534954071,0.8033355474472046,0.752814531326294,0.4907802506409899,11,0.6876648557186127
