BLEU,CHRF,CHRF++,TER,BERT-P,BERT-R,BERT-F1,METEOR,COMET,CHRF<10
24.59816965381466,43.845467250475714,44.10594043332314,263.95785464535464,0.7183078083395958,0.8033286896348,0.7528100249171257,0.4907802506409898,0.6876648557186127,11.0
