BLEU,CHRF,CHRF++,TER,BERT-P,BERT-R,BERT-F1,METEOR,COMET,CHRF<10
8.178248872359408,41.07447077732693,35.425567667791746,120.61732417559635,0.7121539139747619,0.7248375302553177,0.7180561584234237,0.2676864600180902,0.632575570344925,5.0
