cluster,BLEU,CHRF++,BERT-F1,COMET
1,7.636893874056137,34.84730620256515,0.7131693065166473,0.6146095638212404
0,7.674443915843163,34.088014678652456,0.711982777890037,0.6228931660161299
2,9.524708102969281,37.83452257169698,0.7320631338017327,0.6687152130263192
