BLEU,CHRF,CHRF++,TER,BERT-P,BERT-R,BERT-F1,METEOR,CHRF<10,COMET
9.41515177594544,41.67564752709855,36.05485934828354,110.53571428571429,0.7121533751487732,0.7248352766036987,0.7180548310279846,0.26768646001809016,5,0.632575570344925
