BLEU,CHRF,CHRF++,TER,BERT-P,BERT-R,BERT-F1,METEOR,COMET,CHRF<10
28.31682847783451,39.27311991550606,37.835240404322995,176.18741879036,0.7913766795396805,0.8142537301778794,0.8007361966371537,0.39894909851731114,0.675444425046444,16.0
