BLEU,CHRF,CHRF++,TER,BERT-P,BERT-R,BERT-F1,METEOR,COMET,CHRF<10
39.39371169215133,55.013030308150654,53.789879571991705,168.0347041847042,0.8340930408239364,0.8684592115879058,0.8494893664121628,0.47900419693794144,0.7376294785737991,7.0
