BLEU,CHRF,CHRF++,TER,BERT-P,BERT-R,BERT-F1,METEOR,COMET,CHRF<10
52.911252219016454,67.26222360059006,66.43353246620259,172.6523088023088,0.9051090002059936,0.9258789926767349,0.9147608488798141,0.6128377891559628,0.799074980020523,4.0
