BLEU,CHRF,CHRF++,TER,BERT-P,BERT-R,BERT-F1,METEOR,COMET,CHRF<10
34.156522479432965,42.77273904295882,41.751317668700324,206.2598434503233,0.7988511976599694,0.8432677954435348,0.8186547708511352,0.49201693342304864,0.7139963811635971,16.0
