BLEU,CHRF,CHRF++,TER,BERT-P,BERT-R,BERT-F1,METEOR,CHRF<10,COMET
23.79185482350477,41.41114857328682,42.084868620250106,126.76431424766976,0.7791633605957031,0.83502197265625,0.8028700351715088,0.4650586631609949,17,0.738265856206417
