cluster,BLEU,CHRF++,BERT-F1,COMET
0,12.805306089078268,38.70935290164719,0.7803097277128396,0.688757412072991
1,9.701980211274451,34.66407711451789,0.7587408595963528,0.6584555902763416
2,15.886907744905562,43.28880142405295,0.7965026704632506,0.7372501465130824
