Method,2_BLEU,2_CHRF++,2_BERT-F1,2_COMET,2_DA-Score,0_BLEU,0_CHRF++,0_BERT-F1,0_COMET,0_DA-Score,1_BLEU,1_CHRF++,1_BERT-F1,1_COMET,1_DA-Score
qwenvl-max,11.536047334942037,31.24779828778436,0.8516575078810414,0.6078440133602389,0.5412533804095013,16.130047360406913,38.30324748181264,0.8668412814537684,0.6429390576150682,0.5621331594956669,16.929674505591514,35.01923259276348,0.8628914265921621,0.6247383744427653,0.5144754294776077
