BLEU,CHRF,CHRF++,TER,BERT-P,BERT-R,BERT-F1,METEOR,CHRF<10,COMET
18.249135313495643,40.33485834467757,36.768188644828506,83.94601446573708,0.8667346239089966,0.8810678124427795,0.873252272605896,0.40408091690859704,60,0.6587980543076992
