cluster,BLEU,CHRF++,BERT-F1,COMET
1,16.929674505591514,35.01923259276348,0.8628914265921621,0.6247383744427653
0,16.130047360406913,38.30324748181264,0.8668412814537684,0.6429390576150682
2,11.536047334942035,31.24779828778436,0.8516575078810414,0.6078440133602389
