BLEU,CHRF,CHRF++,TER,BERT-P,BERT-R,BERT-F1,METEOR,COMET,CHRF<10
20.883606602996064,41.48779714876719,37.8677514536643,100.34724827279659,0.8667364471554756,0.881072547197342,0.8732555818557739,0.4040809169085965,0.6587980543076992,60.0
