BLEU,CHRF,CHRF++,TER,BERT-P,BERT-R,BERT-F1,METEOR,COMET,CHRF<10
17.76558300195347,35.27744273220319,32.11814657140847,183.64314574314577,0.7639736938476562,0.7795578342676163,0.7705529057979583,0.2779693192989716,0.6233654588460922,22.0
