BLEU,CHRF,CHRF++,TER,BERT-P,BERT-R,BERT-F1,METEOR,CHRF<10,COMET
17.21358224243623,36.555834476969885,32.78627185864221,113.79310344827587,0.7639599442481995,0.7795505523681641,0.7705421447753906,0.2779693192989716,22,0.6233654588460922
