BLEU,CHRF,CHRF++,TER,BERT-P,BERT-R,BERT-F1,METEOR,CHRF<10,COMET
19.404639182145356,49.83662911162485,45.46298362331138,89.81288981288982,0.7978988885879517,0.8211081624031067,0.8078801035881042,0.3681410803717177,15,0.678803536593914
