BLEU,CHRF,CHRF++,TER,BERT-P,BERT-R,BERT-F1,METEOR,COMET,CHRF<10
24.71991803604019,47.49761616540906,44.28375860649268,111.34717462489199,0.7978943490982056,0.8211053872108459,0.8078762340545654,0.36814108037171783,0.678803536593914,15.0
