BLEU,CHRF,CHRF++,TER,BERT-P,BERT-R,BERT-F1,METEOR,CHRF<10,COMET
12.805112777110184,45.25943122582832,41.63241357837818,137.14902807775377,0.8674833178520203,0.8985388278961182,0.8816330432891846,0.42089915233854436,15,0.7046315562725067
