BLEU,CHRF,CHRF++,TER,BERT-P,BERT-R,BERT-F1,METEOR,COMET,CHRF<10
28.85377452459989,47.39656734374128,44.383864892028406,235.88538267288268,0.8674841362237931,0.8985255873203277,0.881627294421196,0.42089915233854425,0.7046315562725067,15.0
