BLEU,CHRF,CHRF++,TER,BERT-P,BERT-R,BERT-F1,METEOR,CHRF<10,COMET
14.152958261844788,45.600880066778124,41.40452647960842,123.09278350515464,0.7866578102111816,0.8096923232078552,0.7964500188827515,0.356527726192638,15,0.6478415855765343
