BLEU,CHRF,CHRF++,TER,BERT-P,BERT-R,BERT-F1,METEOR,COMET,CHRF<10
24.05863073116125,46.845540386038785,43.54956079890541,234.74836510108253,0.7866716158390045,0.8097065788507462,0.7964638790488243,0.35652772619263795,0.6478415855765343,15.0
