BLEU,CHRF,CHRF++,TER,BERT-P,BERT-R,BERT-F1,METEOR,COMET,CHRF<10
15.371793662242881,27.769205925036093,26.068887894627583,130.41321227082096,0.7602991396188736,0.7800506496429443,0.768817753791809,0.10361043115710242,0.528575182557106,29.0
