BLEU,CHRF,CHRF++,TER,BERT-P,BERT-R,BERT-F1,METEOR,CHRF<10,COMET
12.470678127551896,30.654919542602205,28.88559237128357,104.89236790606653,0.7602974772453308,0.7800473570823669,0.7688154578208923,0.10361043115710246,29,0.528575182557106
