BLEU,CHRF,CHRF++,TER,BERT-P,BERT-R,BERT-F1,METEOR,COMET,CHRF<10
24.30352966624335,44.90797177705145,41.801822428073166,123.16340796884276,0.7917058098316193,0.8108187818527222,0.7997061258554459,0.3294316860712074,0.6676166090369224,16.0
