BLEU,CHRF,CHRF++,TER,BERT-P,BERT-R,BERT-F1,METEOR,CHRF<10,COMET
18.54506237655483,45.791520103473964,41.952849992199496,94.76987447698745,0.791697084903717,0.8108038902282715,0.799694299697876,0.3294316860712073,16,0.6676166090369224
