BLEU,CHRF,CHRF++,TER,BERT-P,BERT-R,BERT-F1,METEOR,CHRF<10,COMET
24.643725837348715,33.818597182995696,31.209355477339134,89.23841059602648,0.7711151838302612,0.7973493933677673,0.7826432585716248,0.3310591238208193,31,0.6359183028340339
