BLEU,CHRF,CHRF++,TER,BERT-P,BERT-R,BERT-F1,METEOR,COMET,CHRF<10
21.2684052987112,29.648061559127083,28.314765793234805,111.98038073038072,0.7711243242025375,0.7973557782173156,0.7826508820056916,0.3310591238208193,0.6359183028340339,31.0
