BLEU,CHRF,CHRF++,TER,BERT-P,BERT-R,BERT-F1,METEOR,COMET,CHRF<10
23.575403722646104,30.299329476976645,30.33907617729847,117.4005896880897,0.7970788991451263,0.8186989170312882,0.8066201174259185,0.40230930040828045,0.6702375593781471,27.0
