BLEU,CHRF,CHRF++,TER,BERT-P,BERT-R,BERT-F1,METEOR,CHRF<10,COMET
22.055960227281197,32.46418265529306,31.934369233506548,93.058568329718,0.7970741391181946,0.8186911940574646,0.8066139817237854,0.4023093004082805,27,0.6702375593781471
