BLEU,CHRF,CHRF++,TER,BERT-P,BERT-R,BERT-F1,METEOR,CHRF<10,COMET
18.042563304131054,45.912949827635266,42.011292164570804,96.86192468619247,0.7893824577331543,0.8053930401802063,0.7957377433776855,0.3221671200611271,14,0.6623914900422097
