BLEU,CHRF,CHRF++,TER,BERT-P,BERT-R,BERT-F1,METEOR,COMET,CHRF<10
22.358957121571216,43.70164760669471,40.54807204055169,118.59522657294396,0.7893641686439514,0.8053755551576615,0.7957197934389114,0.322167120061127,0.6623914900422097,14.0
