BLEU,CHRF,CHRF++,TER,BERT-P,BERT-R,BERT-F1,METEOR,COMET,CHRF<10
16.842633941345063,32.334765986755635,29.432475279670065,155.18444937415526,0.7443873062729836,0.7723626857995987,0.7563864743709564,0.3397950992553923,0.6312395839393139,29.0
