BLEU,CHRF,CHRF++,TER,BERT-P,BERT-R,BERT-F1,METEOR,CHRF<10,COMET
12.853802380565508,32.61085371713102,29.77000893579131,102.38970588235294,0.7443934679031372,0.7723665833473206,0.7563915848731995,0.33979509925539225,29,0.6312395839393139
