BLEU,CHRF,CHRF++,TER,BERT-P,BERT-R,BERT-F1,METEOR,CHRF<10,COMET
14.231309341638333,39.41580499620237,35.343494790785115,109.81308411214954,0.7674253582954407,0.7936948537826538,0.7785620093345642,0.3414775823748819,27,0.6165613615512848
