BLEU,CHRF,CHRF++,TER,BERT-P,BERT-R,BERT-F1,METEOR,COMET,CHRF<10
20.456107665573914,42.62710754183741,39.82354508506587,118.02317543567545,0.6578349360823631,0.7213032454252243,0.6816444903612137,0.3349026161505173,0.6693050751090049,16.0
