BLEU,CHRF,CHRF++,TER,BERT-P,BERT-R,BERT-F1,METEOR,COMET,CHRF<10
16.34845153718224,34.93072484778608,31.42434505242086,141.73431897050318,0.7674320471286774,0.7937049823999405,0.7785703998804092,0.34147758237488196,0.6165613615512848,27.0
