BLEU,CHRF,CHRF++,TER,BERT-P,BERT-R,BERT-F1,METEOR,CHRF<10,COMET
17.19258049289466,45.600634047332335,41.75171965437682,96.37526652452026,0.657829225063324,0.7212884426116943,0.6816359758377075,0.3349026161505173,16,0.6693050751090049
