BLEU,CHRF,CHRF++,TER,BERT-P,BERT-R,BERT-F1,METEOR,CHRF<10,COMET
19.27168949203757,30.979619684918152,29.56884849616115,95.38866930171278,0.7365262508392334,0.7674111127853394,0.7491651773452759,0.3955727801017811,30,0.678750975728035
