BLEU,CHRF,CHRF++,TER,BERT-P,BERT-R,BERT-F1,METEOR,COMET,CHRF<10
22.790153095945225,28.760133782122203,28.18268676620316,140.56910591782545,0.7365202677249908,0.7674047446250916,0.7491591256856919,0.3955727801017811,0.678750975728035,30.0
