BLEU,CHRF,CHRF++,TER,BERT-P,BERT-R,BERT-F1,METEOR,COMET,CHRF<10
20.243486383542013,34.144150241779926,32.24828588604069,109.4461548255666,0.7505298048257828,0.7541920733451843,0.7505739736557007,0.3057421819128481,0.6028996650874615,30.0
