BLEU,CHRF,CHRF++,TER,BERT-P,BERT-R,BERT-F1,METEOR,CHRF<10,COMET
21.813929054788066,36.93194536440741,35.15524161875105,84.07821229050279,0.7505193948745728,0.7541844844818115,0.7505648732185364,0.3057421819128481,30,0.6028996650874615
