BLEU,CHRF,CHRF++,TER,BERT-P,BERT-R,BERT-F1,METEOR,COMET,CHRF<10
31.99059189747611,54.69779174268822,53.46945691505824,89.24733044733044,0.8145127755403518,0.8441494828462601,0.8275295519828796,0.4665049444395052,0.7049291783571243,14.0
