BLEU,CHRF,CHRF++,TER,BERT-P,BERT-R,BERT-F1,METEOR,CHRF<10,COMET
23.598139861657703,55.57118418519198,53.48741312740943,68.60000000000001,0.8145121932029724,0.844150722026825,0.8275298476219177,0.4665049444395052,14,0.7049291783571243
