BLEU,CHRF,CHRF++,TER,BERT-P,BERT-R,BERT-F1,METEOR,COMET,CHRF<10
41.77528247321213,61.41511051261503,60.68838027635716,123.75569348951701,0.8702322673797608,0.9083758646249771,0.8875298696756363,0.5579932362731903,0.7456782126426696,6.0
