BLEU,CHRF,CHRF++,TER,BERT-P,BERT-R,BERT-F1,METEOR,CHRF<10,COMET
30.757806093582094,60.57679209018206,58.90204294846208,71.51394422310757,0.8702362775802612,0.9083722829818726,0.8875302672386169,0.5579932362731902,6,0.7456782126426696
