BLEU,CHRF,CHRF++,TER,BERT-P,BERT-R,BERT-F1,METEOR,COMET,CHRF<10
34.2650167916752,55.12065376945102,54.033303998769505,91.07997835497835,0.8171607202291489,0.8493343615531921,0.8313317996263504,0.4741846181820853,0.7154501593112945,12.0
