BLEU,CHRF,CHRF++,TER,BERT-P,BERT-R,BERT-F1,METEOR,CHRF<10,COMET
26.253135009094933,56.61566765849473,54.273205976939806,70.3921568627451,0.8171555399894714,0.8493369817733765,0.8313299417495728,0.47418461818208535,12,0.7154501593112945
