BLEU,CHRF,CHRF++,TER,BERT-P,BERT-R,BERT-F1,METEOR,CHRF<10,COMET
15.172085989078413,35.02126997372817,33.39529360866445,100.37523452157599,0.7670156955718994,0.7989860773086548,0.7807489037513733,0.08623293461570068,15,0.5844401884078979
