BLEU,CHRF,CHRF++,TER,BERT-P,BERT-R,BERT-F1,METEOR,COMET,CHRF<10
14.497072265563752,35.45975313878399,33.33115316446413,161.96341060899883,0.7670173448324203,0.7989797073602677,0.7807473379373551,0.08623293461570068,0.5844401884078979,15.0
