BLEU,CHRF,CHRF++,TER,BERT-P,BERT-R,BERT-F1,METEOR,CHRF<10,COMET
30.52590879536244,60.78010709766703,58.20761518359839,66.53543307086615,0.8256851434707642,0.8586618304252625,0.8403294086456299,0.49820326889947886,14,0.729867093861103
