BLEU,CHRF,CHRF++,TER,BERT-P,BERT-R,BERT-F1,METEOR,COMET,CHRF<10
35.92201522247776,57.50368073123993,56.146003499415336,88.89653679653678,0.8256832325458526,0.8586740082502365,0.8403347378969193,0.4982032688994789,0.729867093861103,14.0
