BLEU,CHRF,CHRF++,TER,BERT-P,BERT-R,BERT-F1,METEOR,CHRF<10,COMET
27.417485383528646,33.551893892712826,33.002890037931806,86.8421052631579,0.7385090589523315,0.7756887674331665,0.754753828048706,0.34106437084236485,43,0.5985999846458435
