BLEU,CHRF,CHRF++,TER,BERT-P,BERT-R,BERT-F1,METEOR,COMET,CHRF<10
20.109793615369817,27.121268860857644,27.1085659696942,122.44090527635419,0.7385200899839401,0.7756997412443161,0.7547647976875305,0.34106437084236474,0.5985999846458435,43.0
