BLEU,CHRF,CHRF++,TER,BERT-P,BERT-R,BERT-F1,METEOR,CHRF<10,COMET
22.099169524807483,32.308254128726624,32.13473539748349,89.31623931623932,0.7664227485656738,0.7966457605361938,0.7793323993682861,0.3606620124270749,38,0.6288469192385674
