BLEU,CHRF,CHRF++,TER,BERT-P,BERT-R,BERT-F1,METEOR,COMET,CHRF<10
22.058797131295158,29.596974688621675,29.68757529528695,113.51392496392496,0.766430067718029,0.7966511642932892,0.7793388521671295,0.360662012427075,0.6288469192385674,38.0
