BLEU,CHRF,CHRF++,TER,BERT-P,BERT-R,BERT-F1,METEOR,COMET,CHRF<10
35.95333701166947,57.382693462283854,56.01936041080408,132.55281385281384,0.8204096651077271,0.8564205932617187,0.8362710219621659,0.48623445844150404,0.7219872763752937,10.0
