BLEU,CHRF,CHRF++,TER,BERT-P,BERT-R,BERT-F1,METEOR,CHRF<10,COMET
26.06734690890546,58.841340994885286,56.28573499961684,76.71232876712328,0.8203971982002258,0.8564061522483826,0.8362577557563782,0.4862344584415041,10,0.7219872763752937
