BLEU,CHRF,CHRF++,TER,BERT-P,BERT-R,BERT-F1,METEOR,CHRF<10,COMET
15.5229596849797,28.94768852257112,27.108639781645344,85.51136363636364,0.731505274772644,0.7377021312713623,0.7325652837753296,0.3068842476708418,41,0.6006167714297771
