BLEU,CHRF,CHRF++,TER,BERT-P,BERT-R,BERT-F1,METEOR,COMET,CHRF<10
15.111492478452469,27.856838660144096,25.397838444161287,111.15742546067622,0.7315073400735855,0.737707057595253,0.7325686448812485,0.3068842476708418,0.6006167714297771,41.0
