BLEU,CHRF,CHRF++,TER,BERT-P,BERT-R,BERT-F1,METEOR,CHRF<10,COMET
20.136548260318794,51.93299132442834,49.226151648330365,73.58870967741935,0.6916403770446777,0.7541147470474243,0.7148260474205017,0.44902924806965094,15,0.7027893194556236
