BLEU,CHRF,CHRF++,TER,BERT-P,BERT-R,BERT-F1,METEOR,COMET,CHRF<10
18.121802301880404,31.571817965245312,30.51966700223508,109.70198412698413,0.737661167383194,0.7677293407917023,0.7508565431833267,0.3743987965116525,0.604555689394474,39.0
