BLEU,CHRF,CHRF++,TER,BERT-P,BERT-R,BERT-F1,METEOR,COMET,CHRF<10
31.98331642899569,51.416499205807575,50.18650280265541,90.75899517149517,0.69164246737957,0.7541160318255424,0.7148280256986618,0.4490292480696509,0.7027893194556236,15.0
