BLEU,CHRF,CHRF++,TER,BERT-P,BERT-R,BERT-F1,METEOR,CHRF<10,COMET
16.622556717079753,34.663864893801325,33.406481728401936,85.53459119496856,0.7376553416252136,0.7677255272865295,0.750852108001709,0.3743987965116524,39,0.604555689394474
