BLEU,CHRF,CHRF++,TER,BERT-P,BERT-R,BERT-F1,METEOR,COMET,CHRF<10
22.564227961914998,29.369702796993735,29.312385786573756,155.53198278329856,0.6992002850770951,0.7552374055981637,0.7232880136370659,0.39850599896943445,0.6286338716745377,38.0
