BLEU,CHRF,CHRF++,TER,BERT-P,BERT-R,BERT-F1,METEOR,CHRF<10,COMET
25.36925106991727,37.22093585408403,35.694947756130816,91.08108108108108,0.6991928219795227,0.7552343606948853,0.7232820391654968,0.3985059989694345,38,0.6286338716745377
