BLEU,CHRF,CHRF++,TER,BERT-P,BERT-R,BERT-F1,METEOR,CHRF<10,COMET
21.54121046106473,44.60655723222718,44.23117934551454,117.33333333333333,0.7783634662628174,0.8382781147956848,0.8048593401908875,0.4339864664221036,8,0.7076898327469826
