BLEU,CHRF,CHRF++,TER,BERT-P,BERT-R,BERT-F1,METEOR,COMET,CHRF<10
31.720853040598502,50.947801733253364,50.542787668810504,166.95631035631035,0.8829443109035492,0.9103395843505859,0.8955740416049958,0.5004373357068708,0.7453650316596031,5.0
