BLEU,CHRF,CHRF++,TER,BERT-P,BERT-R,BERT-F1,METEOR,COMET,CHRF<10
16.110952611013094,27.432563470409473,27.967382289053305,211.73499833499835,0.7417200660705566,0.7907417505979538,0.7638678628206254,0.13376150791489472,0.6006279030442238,32.0
