cluster,BLEU,CHRF++,BERT-F1,COMET
0,14.323963520289437,26.508273209565296,0.726971622591927,0.5343447421751325
1,21.54826921963978,38.96402241141129,0.7712861163906319,0.6295128470217739
2,13.182879701956734,26.3497253530121,0.7235598035004674,0.5381178103235303
