Method,2_BLEU,2_CHRF++,2_BERT-F1,2_COMET,2_DA-Score,0_BLEU,0_CHRF++,0_BERT-F1,0_COMET,0_DA-Score,1_BLEU,1_CHRF++,1_BERT-F1,1_COMET,1_DA-Score
qwenvl-max,13.182879701956734,26.3497253530121,0.7235598035004674,0.5381178103235303,0.4091653901370025,14.323963520289436,26.508273209565296,0.726971622591927,0.5343447421751325,0.4369235621559338,21.54826921963978,38.96402241141129,0.7712861163906319,0.6295128470217739,0.47446413828385864
