BLEU,CHRF,CHRF++,TER,BERT-P,BERT-R,BERT-F1,METEOR,COMET,CHRF<10
20.940617857420794,32.02583042480167,31.752084207116223,231.36182567432567,0.7226125526428223,0.7727657371759414,0.7449128037691116,0.4031714523943481,0.5949899965524673,24.0
