cluster,BLEU,CHRF++,BERT-F1,COMET
1,31.009619672429814,38.841910103898314,0.777173931951876,0.6478807584003166
0,21.27209151169465,33.40679557515323,0.7368683218955994,0.5731941964891222
2,10.698497734293401,22.256108822302572,0.7267324903181621,0.5790171548724174
