BLEU,CHRF,CHRF++,TER,BERT-P,BERT-R,BERT-F1,METEOR,CHRF<10,COMET
21.695836424722135,33.91691051167093,33.7721348879885,179.38931297709922,0.7226115465164185,0.7727634906768799,0.7449110150337219,0.4031714523943482,24,0.5949899965524673
