BLEU,CHRF,CHRF++,TER,BERT-P,BERT-R,BERT-F1,METEOR,COMET,CHRF<10
15.238078524184443,31.584799573564347,31.379007671979014,350.0814754689755,0.6867082875967025,0.7644997358322143,0.7213975095748901,0.3403707844374628,0.5586745697259903,26.0
