cluster,BLEU,CHRF++,BERT-F1,COMET
1,17.648019949535275,39.701801914251895,0.7748753428459167,0.6364537411265903
0,14.615095155136595,28.186264593540976,0.7071876671579149,0.5345104912916819
2,13.915429707137323,28.484650314419884,0.6926668456622532,0.5225083519305501
