BLEU,CHRF,CHRF++,TER,BERT-P,BERT-R,BERT-F1,METEOR,CHRF<10,COMET
8.325414643979736,30.72560080573355,30.81619672209625,224.18699186991867,0.6867086887359619,0.7645007371902466,0.7213987708091736,0.34037078443746277,26,0.5586745697259903
