cluster,BLEU,CHRF++,BERT-F1,COMET
1,16.364305622377046,39.69748577170209,0.762637299519998,0.6400873131222196
0,15.832006345535955,25.953509429645802,0.7013976044125028,0.5209200160370933
2,13.088656866225802,26.404452713736582,0.6800304587398257,0.507857909160001
