BLEU,CHRF,CHRF++,TER,BERT-P,BERT-R,BERT-F1,METEOR,CHRF<10,COMET
9.427422288963601,31.857081828665308,32.111300435780386,202.56410256410254,0.8007552623748779,0.8645260334014893,0.8306576609611511,0.36423397777018063,33,0.5895642518997193
