cluster,BLEU,CHRF++,BERT-F1,COMET
1,16.632551801561053,40.17198191118681,0.8306580958543001,0.6404109431637658
0,20.252014639660267,27.299383765186484,0.8269077473216586,0.5805851327048408
2,17.051773859709957,28.78578255374662,0.8367362022399902,0.5549642411725861
