BLEU,CHRF,CHRF++,TER,BERT-P,BERT-R,BERT-F1,METEOR,CHRF<10,COMET
7.173159651417024,28.88361687591055,28.97437567461303,259.748427672956,0.693127453327179,0.7584888339042664,0.722237229347229,0.06338184664592739,30,0.5252965252101421
