cluster,BLEU,CHRF++,BERT-F1,COMET
1,21.75663933100293,41.165182180237124,0.7763953495908666,0.6222141677582705
0,6.1828247492538395,21.469343373013004,0.6943229893843333,0.4746857398086124
2,13.443548321589398,28.14062322902336,0.7148977667093277,0.5131789892911911
