BLEU,CHRF,CHRF++,TER,BERT-P,BERT-R,BERT-F1,METEOR,COMET,CHRF<10
12.420757286580054,28.92347382702526,28.65517821064641,351.05184260184257,0.6931329342722893,0.7584961718320846,0.7222434642910958,0.06338184664592739,0.5252965252101421,30.0
