BLEU,CHRF,CHRF++,TER,BERT-P,BERT-R,BERT-F1,METEOR,COMET,CHRF<10
17.52572986252891,33.38092259455164,32.98833037648623,399.26040348540346,0.7036345979571342,0.7677068376541137,0.7320651257038117,0.40015259543472737,0.5765421235561371,31.0
