cluster,BLEU,CHRF++,BERT-F1,COMET
1,30.554130498071068,44.90117586659126,0.7640083895789253,0.6396515987537525
0,12.932493248648065,29.0451346218808,0.7280284709400601,0.5498603304227193
2,12.344616664850331,27.838222545215086,0.7077501735516957,0.5585680114371436
