cluster,BLEU,CHRF++,BERT-F1,COMET
1,16.87261766250129,28.26861913201156,0.7132544053925408,0.5798914068275027
0,9.181218992096692,20.19748110853679,0.6940885570314196,0.5066572884718578
2,11.737634759890911,22.538237292640595,0.7061046872820173,0.5307300144008228
