BLEU,CHRF,CHRF++,TER,BERT-P,BERT-R,BERT-F1,METEOR,CHRF<10,COMET
8.011172121141287,24.12138234668976,24.436120579902674,244.0881763527054,0.6722453236579895,0.7414553761482239,0.7026334404945374,0.30425139966046805,39,0.533170863687992
