BLEU,CHRF,CHRF++,TER,BERT-P,BERT-R,BERT-F1,METEOR,COMET,CHRF<10
26.36460354051961,43.13416725035181,40.81375646949413,172.2803334092808,0.7710323065519333,0.8037567472457886,0.7843362939357758,0.3710044418877464,0.6406264215707779,15.0
