BLEU,CHRF,CHRF++,TER,BERT-P,BERT-R,BERT-F1,METEOR,CHRF<10,COMET
20.668441916015546,42.672395498015234,40.04121747292802,120.76411960132891,0.7710307240486145,0.8037489056587219,0.7843319177627563,0.37100444188774645,15,0.6406264215707779
