BLEU,CHRF,CHRF++,TER,BERT-P,BERT-R,BERT-F1,METEOR,CHRF<10,COMET
11.40989825726587,50.457409441313125,47.034694558955906,160.8050847457627,0.7796821594238281,0.8264192938804626,0.7996460795402527,0.41503321312730007,13,0.6857942634820938
