BLEU,CHRF,CHRF++,TER,BERT-P,BERT-R,BERT-F1,METEOR,COMET,CHRF<10
26.521952133332405,50.16125290089624,47.56254401814722,294.8590134538664,0.7796741715073585,0.826422289609909,0.7996434807777405,0.41503321312730007,0.6857942634820938,13.0
