BLEU,CHRF,CHRF++,TER,BERT-P,BERT-R,BERT-F1,METEOR,CHRF<10,COMET
18.976341170221986,54.877748895965226,52.31158976416167,116.16161616161615,0.8034297227859497,0.8487783670425415,0.8229864239692688,0.47570186987842095,6,0.7235912856459618
