BLEU,CHRF,CHRF++,TER,BERT-P,BERT-R,BERT-F1,METEOR,COMET,CHRF<10
31.92984491758892,56.004539531584086,53.75060321587275,227.02763333158072,0.8034210431575776,0.8487753254175187,0.8229807016253471,0.47570186987842106,0.7235912856459618,6.0
