BLEU,CHRF,CHRF++,TER,BERT-P,BERT-R,BERT-F1,METEOR,COMET,CHRF<10
41.04592016682532,62.840454016224676,60.85140181436159,259.51478506873246,0.8355128467082977,0.9041821616888046,0.8672785741090775,0.5729681578652894,0.7388292980194092,5.0
