BLEU,CHRF,CHRF++,TER,BERT-P,BERT-R,BERT-F1,METEOR,CHRF<10,COMET
24.205331515960857,64.8173367093543,62.38806534273191,120.78189300411523,0.8355118036270142,0.9041838049888611,0.8672787547111511,0.5729681578652893,5,0.7388292980194092
