BLEU,CHRF,CHRF++,TER,BERT-P,BERT-R,BERT-F1,METEOR,COMET,CHRF<10
34.93809003673016,60.36619016562856,57.63319478357733,237.62082639582638,0.8092146095633507,0.85551522731781,0.8281077837944031,0.5089004105196723,0.7014458529651165,6.0
