BLEU,CHRF,CHRF++,TER,BERT-P,BERT-R,BERT-F1,METEOR,CHRF<10,COMET
20.140308110289244,59.17440254679136,56.1998300442916,127.29044834307992,0.8092237114906311,0.8555107116699219,0.8281115889549255,0.5089004105196722,6,0.7014458529651165
