BLEU,CHRF,CHRF++,TER,BERT-P,BERT-R,BERT-F1,METEOR,COMET,CHRF<10
17.01119585864435,34.56579486142746,32.60104633988539,254.29871517371512,0.751990122795105,0.7947032272815704,0.7711646422743798,0.0845969145913927,0.5457789558172226,29.0
