BLEU,CHRF,CHRF++,TER,BERT-P,BERT-R,BERT-F1,METEOR,CHRF<10,COMET
11.569647775521588,38.56028509000055,36.943363431736856,144.17670682730923,0.7519813776016235,0.7946929931640625,0.7711552381515503,0.0845969145913927,29,0.5457789558172226
