BLEU,CHRF,CHRF++,TER,BERT-P,BERT-R,BERT-F1,METEOR,CHRF<10,COMET
20.801508506634793,44.33225648867637,43.31757314267696,133.50340136054422,0.7674407958984375,0.8195106387138367,0.790412425994873,0.465685141793981,21,0.6831189507246017
