BLEU,CHRF,CHRF++,TER,BERT-P,BERT-R,BERT-F1,METEOR,COMET,CHRF<10
30.493810862895383,42.35821362731531,41.800323346489996,262.2109187681943,0.7674527832865715,0.8195456081628799,0.7904345750808716,0.46568514179398085,0.6831189507246017,21.0
