BLEU,CHRF,CHRF++,TER,BERT-P,BERT-R,BERT-F1,METEOR,COMET,CHRF<10
29.683583510833763,38.760961586661885,39.40034501272708,295.722580850522,0.7733111014962196,0.8222454154491424,0.7946845185756684,0.46960584650468723,0.6692697530984879,21.0
