BLEU,CHRF,CHRF++,TER,BERT-P,BERT-R,BERT-F1,METEOR,CHRF<10,COMET
19.64661739876486,38.43810840196571,38.48323428508033,157.47863247863248,0.7733178734779358,0.8222438097000122,0.794687807559967,0.4696058465046871,21,0.6692697530984879
