BLEU,CHRF,CHRF++,TER,BERT-P,BERT-R,BERT-F1,METEOR,COMET,CHRF<10
32.08339193573819,52.71649905266038,50.283856893342325,258.5105842987421,0.7979320025444031,0.8445884430408478,0.8179870420694351,0.46108336739939604,0.6987537100911141,8.0
