BLEU,CHRF,CHRF++,TER,BERT-P,BERT-R,BERT-F1,METEOR,CHRF<10,COMET
17.224563309536222,52.156870706630144,49.191505470176885,151.40562248995982,0.7979374527931213,0.8445849418640137,0.8179881572723389,0.4610833673993961,8,0.6987537100911141
