BLEU,CHRF,CHRF++,TER,BERT-P,BERT-R,BERT-F1,METEOR,COMET,CHRF<10
22.428080866748456,37.96946023450218,35.949395755230945,164.78964434258552,0.7399449172616005,0.7757311525940895,0.7546141690015793,0.34699380847190153,0.6432214789092541,25.0
