BLEU,CHRF,CHRF++,TER,BERT-P,BERT-R,BERT-F1,METEOR,CHRF<10,COMET
10.698997616637199,36.321947327726875,34.23338874344688,120.23608768971332,0.7399327158927917,0.7757131457328796,0.7545992136001587,0.34699380847190153,25,0.6432214789092541
