BLEU,CHRF,CHRF++,TER,BERT-P,BERT-R,BERT-F1,METEOR,COMET,CHRF<10
25.81158894261059,44.36143731059562,42.871853806226646,293.75721281642336,0.6170147889852524,0.7114916011691094,0.651172944009304,0.402258010636214,0.6684375733137131,17.0
