BLEU,CHRF,CHRF++,TER,BERT-P,BERT-R,BERT-F1,METEOR,COMET,CHRF<10
27.04226729197044,43.281497616200724,42.11054088064398,344.4179653679653,0.7717912471294404,0.8093226224184036,0.787639285326004,0.4081822722148551,0.6519370153546333,23.0
