BLEU,CHRF,CHRF++,TER,BERT-P,BERT-R,BERT-F1,METEOR,CHRF<10,COMET
16.759774591768743,45.65235295945974,43.45382461113134,177.60180995475113,0.7717898488044739,0.8093237280845642,0.7876391410827637,0.4081822722148551,23,0.6519370153546333
