BLEU,CHRF,CHRF++,TER,BERT-P,BERT-R,BERT-F1,METEOR,CHRF<10,COMET
10.184567224288815,44.60561719864265,42.1393803891221,170.38539553752537,0.6170136332511902,0.7114913463592529,0.6511726379394531,0.402258010636214,17,0.6684375733137131
