BLEU,CHRF,CHRF++,TER,BERT-P,BERT-R,BERT-F1,METEOR,COMET,CHRF<10
29.581161379803056,36.575474099011984,35.93249765530687,176.31577826628137,0.7535384583473206,0.7976574718952179,0.7706281378865242,0.3793792388453206,0.702035613656044,19.0
