BLEU,CHRF,CHRF++,TER,BERT-P,BERT-R,BERT-F1,METEOR,CHRF<10,COMET
23.836018756272352,41.14483391876209,40.118715289504145,98.50746268656717,0.7535403370857239,0.7976601123809814,0.7706301808357239,0.3793792388453208,19,0.702035613656044
