BLEU,CHRF,CHRF++,TER,BERT-P,BERT-R,BERT-F1,METEOR,CHRF<10,COMET
12.503883707130694,36.684232492285524,33.977574171491064,130.2325581395349,0.7560498118400574,0.7835450768470764,0.7674230933189392,0.30536934882415456,17,0.6027442625164986
