BLEU,CHRF,CHRF++,TER,BERT-P,BERT-R,BERT-F1,METEOR,COMET,CHRF<10
18.592771543261186,37.34360394102279,34.69637509143703,163.33570931991986,0.7560464650392532,0.7835369151830673,0.7674176561832428,0.3053693488241546,0.6027442625164986,17.0
