BLEU,CHRF,CHRF++,TER,BERT-P,BERT-R,BERT-F1,METEOR,COMET,CHRF<10
33.204327790311545,55.62715732797774,53.472093507254606,221.3892390289449,0.8013678631186485,0.8456502586603165,0.8196427422761917,0.4888939765605162,0.6933308890461922,6.0
