BLEU,CHRF,CHRF++,TER,BERT-P,BERT-R,BERT-F1,METEOR,CHRF<10,COMET
15.473396973764102,54.78961895654684,51.7895525044534,127.7542372881356,0.8013643622398376,0.8456419110298157,0.8196367025375366,0.4888939765605162,6,0.6933308890461922
