BLEU,CHRF,CHRF++,TER,BERT-P,BERT-R,BERT-F1,METEOR,COMET,CHRF<10
31.09564217453122,54.57235426188613,51.9329158204626,221.604042010621,0.805619483590126,0.8420871078968049,0.8209400907158851,0.466979538693004,0.7006569585204124,4.0
