BLEU,CHRF,CHRF++,TER,BERT-P,BERT-R,BERT-F1,METEOR,CHRF<10,COMET
16.905467692998265,52.982616609160395,50.051637060333135,125.25252525252526,0.805634617805481,0.8420965075492859,0.8209522366523743,0.4669795386930039,4,0.7006569585204124
