BLEU,CHRF,CHRF++,TER,BERT-P,BERT-R,BERT-F1,METEOR,CHRF<10,COMET
24.279611549626615,59.958425629022294,57.77348918622698,109.25925925925925,0.8890423774719238,0.9201652407646179,0.9034252762794495,0.5661799968364805,5,0.7244116073846817
