BLEU,CHRF,CHRF++,TER,BERT-P,BERT-R,BERT-F1,METEOR,COMET,CHRF<10
40.34216764667503,60.56591373057147,58.69130747407721,210.84504632794105,0.8890347445011139,0.9201680546998978,0.9034222358465195,0.5661799968364805,0.7244116073846817,5.0
