BLEU,CHRF,CHRF++,TER,BERT-P,BERT-R,BERT-F1,METEOR,CHRF<10,COMET
16.282862764340557,51.96821683435052,49.00806770716954,133.7231968810916,0.7960677146911621,0.837410569190979,0.8131925463676453,0.4788222256475027,6,0.6833047965168952
