BLEU,CHRF,CHRF++,TER,BERT-P,BERT-R,BERT-F1,METEOR,COMET,CHRF<10
30.308243716720696,54.5368067738734,51.79744188812609,246.7438422688423,0.7960668712854385,0.8374207180738449,0.8131957405805588,0.4788222256475029,0.6833047965168952,6.0
