BLEU,CHRF,CHRF++,TER,BERT-P,BERT-R,BERT-F1,METEOR,CHRF<10,COMET
8.965014187213567,37.26640020483434,35.21187081965195,146.9879518072289,0.7482322454452515,0.7993726134300232,0.7709716558456421,0.12419785956826702,23,0.5164555099606514
