BLEU,CHRF,CHRF++,TER,BERT-P,BERT-R,BERT-F1,METEOR,COMET,CHRF<10
15.09655009973509,34.92379797028737,32.8467165720221,255.63546453546456,0.7482426315546036,0.7993833309412003,0.7709821993112564,0.12419785956826701,0.5164555099606514,23.0
