BLEU,CHRF,CHRF++,TER,BERT-P,BERT-R,BERT-F1,METEOR,CHRF<10,COMET
21.230105412199922,38.0282828114117,37.45630723326074,123.63945578231292,0.7545979022979736,0.7975049018859863,0.7730393409729004,0.4150776360030563,24,0.6399499478936196
