BLEU,CHRF,CHRF++,TER,BERT-P,BERT-R,BERT-F1,METEOR,COMET,CHRF<10
23.687671262269287,34.417673646598395,33.95518467840996,236.87591011929246,0.7546046152710915,0.7975242507457733,0.7730513602495194,0.41507763600305614,0.6399499478936196,24.0
