BLEU,CHRF,CHRF++,TER,BERT-P,BERT-R,BERT-F1,METEOR,COMET,CHRF<10
24.15019258587909,34.44106303297687,34.37708550019204,243.6464264493676,0.767630258500576,0.8137219023704528,0.7875720700621605,0.4086702865396854,0.6394088512659073,24.0
