BLEU,CHRF,CHRF++,TER,BERT-P,BERT-R,BERT-F1,METEOR,CHRF<10,COMET
18.988575422284722,38.46194016055571,37.908932948360246,133.1196581196581,0.76762855052948,0.8137146234512329,0.7875677347183228,0.4086702865396854,24,0.6394088512659073
