BLEU,CHRF,CHRF++,TER,BERT-P,BERT-R,BERT-F1,METEOR,COMET,CHRF<10
31.47110982685711,54.61675464339421,52.07834791790424,220.3130949459897,0.8023991212248802,0.8410315781831741,0.818425207734108,0.4689092028557871,0.6881635743379593,5.0
