BLEU,CHRF,CHRF++,TER,BERT-P,BERT-R,BERT-F1,METEOR,CHRF<10,COMET
18.11024333715805,52.00748934489417,49.09266680781851,126.70682730923694,0.8023969531059265,0.8410276770591736,0.8184223175048828,0.4689092028557873,5,0.6881635743379593
