BLEU,CHRF,CHRF++,TER,BERT-P,BERT-R,BERT-F1,METEOR,CHRF<10,COMET
7.11324432627212,28.107924397367317,26.79544782070429,135.07588532883642,0.7191781401634216,0.747711718082428,0.7312510013580322,0.34604323874560294,38,0.5806097732484341
