BLEU,CHRF,CHRF++,TER,BERT-P,BERT-R,BERT-F1,METEOR,COMET,CHRF<10
14.178064202927258,27.52365668400432,26.350801559053444,163.07326627620745,0.7191982224583626,0.7477386540174484,0.7312742167711258,0.346043238745603,0.5806097732484341,38.0
