BLEU,CHRF,CHRF++,TER,BERT-P,BERT-R,BERT-F1,METEOR,COMET,CHRF<10
25.687801968194613,44.067510712058166,41.994354365605375,221.7320851662957,0.6162006540596485,0.7077851092815399,0.6504689607024193,0.3954692800464818,0.641333417892456,11.0
