BLEU,CHRF,CHRF++,TER,BERT-P,BERT-R,BERT-F1,METEOR,CHRF<10,COMET
15.082939092269985,41.519320687448364,39.5219314556372,128.73303167420815,0.7435942888259888,0.7745155096054077,0.7566357254981995,0.42254970738320585,24,0.5926450529694557
