BLEU,CHRF,CHRF++,TER,BERT-P,BERT-R,BERT-F1,METEOR,CHRF<10,COMET
13.848462437164892,43.82952783237232,41.38108067667896,125.55780933062881,0.6161938309669495,0.7077822685241699,0.6504635810852051,0.39546928004648174,11,0.641333417892456
