BLEU,CHRF,CHRF++,TER,BERT-P,BERT-R,BERT-F1,METEOR,COMET,CHRF<10
18.110765050413942,35.84336526728677,34.537718883828134,226.8840548340548,0.7435971173644066,0.7745081204175949,0.7566341269016266,0.42254970738320585,0.5926450529694557,24.0
