BLEU,CHRF,CHRF++,TER,BERT-P,BERT-R,BERT-F1,METEOR,COMET,CHRF<10
34.9665814952641,39.66176047753656,38.502570651301376,219.08591363486877,0.758872147500515,0.8155502802133561,0.7803971710801124,0.49167005571858285,0.6992815786600113,14.0
