BLEU,CHRF,CHRF++,TER,BERT-P,BERT-R,BERT-F1,METEOR,CHRF<10,COMET
24.787254969497976,39.748765381760336,39.29871580054423,114.17910447761194,0.7588710784912109,0.8155467510223389,0.7803949117660522,0.49167005571858263,14,0.6992815786600113
