BLEU,CHRF,CHRF++,TER,BERT-P,BERT-R,BERT-F1,METEOR,COMET,CHRF<10
10.335993733155,21.36962358106538,20.535130680157522,557.9836496836497,0.6603853932023048,0.7181139069795609,0.685801106095314,0.2620588638304448,0.4930324247479439,37.0
