BLEU,CHRF,CHRF++,TER,BERT-P,BERT-R,BERT-F1,METEOR,CHRF<10,COMET
10.244974724151975,21.74878372011672,21.017021289115874,296.37404580152673,0.6603842377662659,0.7181113958358765,0.6857993602752686,0.26205886383044474,37,0.4930324247479439
