BLEU,CHRF,CHRF++,TER,BERT-P,BERT-R,BERT-F1,METEOR,COMET,CHRF<10
10.58225107274532,23.390105803363475,22.62321757229449,543.5621198246198,0.6657539385557175,0.7321587061882019,0.6948995977640152,0.26261082679033854,0.5120640590786933,34.0
