BLEU,CHRF,CHRF++,TER,BERT-P,BERT-R,BERT-F1,METEOR,CHRF<10,COMET
3.9649986511811433,22.719859669853466,22.67537834086709,273.780487804878,0.6657519340515137,0.7321553230285645,0.6948965191841125,0.26261082679033854,34,0.5120640590786933
