BLEU,CHRF,CHRF++,TER,BERT-P,BERT-R,BERT-F1,METEOR,CHRF<10,COMET
4.28595712807639,23.28938813958834,23.305646462575215,357.8,0.6598038673400879,0.7268761396408081,0.6896422505378723,0.28311300508637915,36,0.4921463222801685
