BLEU,CHRF,CHRF++,TER,BERT-P,BERT-R,BERT-F1,METEOR,COMET,CHRF<10
9.680834288789137,24.101155237744027,23.47039912168474,647.6533078033078,0.659804581105709,0.7268748936057091,0.6896423962712288,0.2831130050863791,0.4921463222801685,36.0
