BLEU,CHRF,CHRF++,TER,BERT-P,BERT-R,BERT-F1,METEOR,COMET,CHRF<10
15.260734877633551,28.952211837857476,28.30937139550013,532.8458347208347,0.8287015956640243,0.870412135720253,0.8481759929656982,0.305616594769673,0.5323755976557731,36.0
