BLEU,CHRF,CHRF++,TER,BERT-P,BERT-R,BERT-F1,METEOR,CHRF<10,COMET
5.96405571840677,26.52813262897687,26.403280722818756,276.4957264957265,0.8286846876144409,0.8703961372375488,0.8481592535972595,0.305616594769673,36,0.5323755976557731
