BLEU,CHRF,CHRF++,TER,BERT-P,BERT-R,BERT-F1,METEOR,CHRF<10,COMET
3.588968146540385,23.480165257109203,23.19374078645842,334.4689378757515,0.6622207760810852,0.7294246554374695,0.6920098662376404,0.27524535667075267,35,0.4992635414004326
