BLEU,CHRF,CHRF++,TER,BERT-P,BERT-R,BERT-F1,METEOR,COMET,CHRF<10
11.895479787049487,25.45575440955752,24.46031700976761,638.8331474081474,0.6622296831011772,0.729433975815773,0.6920195111632347,0.2752453566707528,0.4992635414004326,35.0
