BLEU,CHRF,CHRF++,TER,BERT-P,BERT-R,BERT-F1,METEOR,COMET,CHRF<10
7.264281686758899,18.82392951174045,18.51111605185767,599.8073232323233,0.6639332535862923,0.7230315431952477,0.6901403880119323,0.040832884072466644,0.4499097189307213,46.0
