BLEU,CHRF,CHRF++,TER,BERT-P,BERT-R,BERT-F1,METEOR,CHRF<10,COMET
2.9473300519783923,19.354752506007337,19.229969205238984,312.3689727463312,0.6639330983161926,0.7230360507965088,0.6901423931121826,0.040832884072466644,46,0.4499097189307213
