BLEU,CHRF,CHRF++,TER,BERT-P,BERT-R,BERT-F1,METEOR,CHRF<10,COMET
3.9747682585448465,23.076934328979753,23.036952466799608,346.2776659959759,0.6584848165512085,0.7240998148918152,0.6872645616531372,0.28438215788582477,36,0.5009937685728073
