BLEU,CHRF,CHRF++,TER,BERT-P,BERT-R,BERT-F1,METEOR,COMET,CHRF<10
10.372028155608024,23.31867479586375,22.889585158983547,642.3527736152736,0.6584860283136368,0.7240925616025925,0.6872622352838517,0.2843821578858248,0.5009937685728073,36.0
