BLEU,CHRF,CHRF++,TER,BERT-P,BERT-R,BERT-F1,METEOR,COMET,CHRF<10
9.96655080232556,23.09495153531514,22.659096832558326,625.3861915861917,0.66006865888834,0.7302878886461258,0.6908163788914681,0.30290078742540016,0.508341576308012,39.0
