BLEU,CHRF,CHRF++,TER,BERT-P,BERT-R,BERT-F1,METEOR,CHRF<10,COMET
10.80237772740043,26.83497416009557,26.775825329364928,367.983367983368,0.6600685119628906,0.730277419090271,0.6908113360404968,0.30290078742540033,39,0.508341576308012
