BLEU,CHRF,CHRF++,TER,BERT-P,BERT-R,BERT-F1,METEOR,CHRF<10,COMET
11.037584241324897,26.78425868280621,25.27306406644393,276.4227642276423,0.6632246971130371,0.7262118458747864,0.6909451484680176,0.28782744733217075,44,0.49540618509054185
