BLEU,CHRF,CHRF++,TER,BERT-P,BERT-R,BERT-F1,METEOR,COMET,CHRF<10
11.070154343728143,22.65999759002389,21.728159772183474,513.7286297036297,0.6632296153903008,0.7262111690640449,0.6909480100870132,0.2878274473321707,0.49540618509054185,44.0
