BLEU,CHRF,CHRF++,TER,BERT-P,BERT-R,BERT-F1,METEOR,CHRF<10,COMET
4.028664072744872,23.164807640215507,23.24783955854158,344.37751004016064,0.6590180993080139,0.733450174331665,0.6917871236801147,0.2832523365798747,36,0.5005692705512047
