BLEU,CHRF,CHRF++,TER,BERT-P,BERT-R,BERT-F1,METEOR,COMET,CHRF<10
11.039541266863342,24.79201165038816,24.084299562513905,647.3867271617272,0.659022606909275,0.7334592267870903,0.6917940524220466,0.2832523365798748,0.5005692705512047,36.0
