BLEU,CHRF,CHRF++,TER,BERT-P,BERT-R,BERT-F1,METEOR,COMET,CHRF<10
8.428430395596315,19.420283119226532,19.130300179754144,590.9185550560551,0.6486664092540741,0.718023034632206,0.6789072409272194,0.2741325772365066,0.47575914606451986,45.0
