BLEU,CHRF,CHRF++,TER,BERT-P,BERT-R,BERT-F1,METEOR,CHRF<10,COMET
3.675329283292211,18.73969198095267,18.97576103060364,318.436873747495,0.6486704349517822,0.7180235385894775,0.6789095997810364,0.2741325772365067,45,0.47575914606451986
