BLEU,CHRF,CHRF++,TER,BERT-P,BERT-R,BERT-F1,METEOR,CHRF<10,COMET
7.820889038499751,21.524441278805213,22.824795523620324,254.32098765432102,0.6551657915115356,0.7273932099342346,0.6860935688018799,0.303885247385009,34,0.50224096596241
