BLEU,CHRF,CHRF++,TER,BERT-P,BERT-R,BERT-F1,METEOR,COMET,CHRF<10
12.898557193593431,26.180584904714955,26.041239973495276,541.8324064824066,0.5099947336316109,0.6375470525026321,0.557999681532383,0.29633366629768554,0.5077143338322639,35.0
