BLEU,CHRF,CHRF++,TER,BERT-P,BERT-R,BERT-F1,METEOR,CHRF<10,COMET
6.026102420597134,24.4305653437951,24.631310629926812,318.1818181818182,0.5099945068359375,0.6375406384468079,0.5579969882965088,0.2963336662976854,35,0.5077143338322639
