BLEU,CHRF,CHRF++,TER,BERT-P,BERT-R,BERT-F1,METEOR,COMET,CHRF<10
11.556670380564917,21.98476501316192,22.28853425113307,434.9666333666334,0.6551651006937027,0.7273931694030762,0.6860935419797898,0.3038852473850089,0.50224096596241,34.0
