cluster,BLEU,CHRF++,BERT-F1,COMET
0,30.92312220938539,48.098878149698734,0.8254326305219105,0.7248515228075639
1,32.82372662789221,39.28209874711157,0.8006912957747471,0.7008083554768654
2,28.443325761455956,46.103486912876,0.8256241414487732,0.7423187352670647
