Method,2_BLEU,2_CHRF++,2_BERT-F1,2_COMET,2_DA-Score,0_BLEU,0_CHRF++,0_BERT-F1,0_COMET,0_DA-Score,1_BLEU,1_CHRF++,1_BERT-F1,1_COMET,1_DA-Score
qwenvl-max,28.44332576145596,46.103486912876,0.8256241414487732,0.7423187352670647,0.6346887154838486,30.92312220938539,48.098878149698734,0.8254326305219105,0.7248515228075639,0.6056542557386044,32.82372662789221,39.28209874711157,0.8006912957747471,0.7008083554768654,0.6023340583070942
