BLEU,CHRF,CHRF++,TER,BERT-P,BERT-R,BERT-F1,METEOR,CHRF<10,COMET
22.245233263383447,60.88884603043401,57.01917987120352,76.7156862745098,0.8467883467674255,0.8747308254241943,0.8593741655349731,0.5155352153068918,6,0.7772184234857559
