cluster,BLEU,CHRF++,BERT-F1,COMET
1,50.61981726337909,63.1356311835183,0.8836676752245104,0.8056226421046901
0,33.71762922564852,59.35297430256783,0.850032776594162,0.7530893571674824
2,20.39075317976365,48.66567396977823,0.8365491317666095,0.7734882740870767
