BLEU,CHRF,CHRF++,TER,BERT-P,BERT-R,BERT-F1,METEOR,COMET,CHRF<10
36.90625730905532,61.20762567673236,58.29447827197789,83.00079434205847,0.8467897975444794,0.8747347295284271,0.8593764507770538,0.5155352153068918,0.7772184234857559,6.0
