cluster,BLEU,CHRF++,BERT-F1,COMET
1,52.19691166523302,59.13805709184243,0.8733481909777667,0.8032349670255506
0,42.43876976727663,62.54732245165961,0.85930255651474,0.7542165093123913
2,33.109033107341396,55.277128201722086,0.8462939417880514,0.7696221431960231
