BLEU,CHRF,CHRF++,TER,BERT-P,BERT-R,BERT-F1,METEOR,COMET,CHRF<10
15.501168046680652,30.80315487868716,28.86786653761895,187.03451885008676,0.7661718714237213,0.7909167796373368,0.7774060243368148,0.13581328020898625,0.5957217413187027,31.0
