BLEU,CHRF,CHRF++,TER,BERT-P,BERT-R,BERT-F1,METEOR,COMET,CHRF<10
28.182241325417426,40.549875228448,38.91418144504232,223.4962167473244,0.8073376303911209,0.8258156186342239,0.8150815749168396,0.47094227061536187,0.7418168461322785,20.0
