cluster,BLEU,CHRF++,BERT-F1,COMET
1,30.494001513405323,34.12583783391067,0.8084070908056723,0.7359430524143012
0,27.984398604924593,48.59559721260754,0.8229748219251632,0.7485801741480828
2,26.23143152939575,48.897995451832784,0.8295541716658551,0.7721755478693091
