BLEU,CHRF,CHRF++,TER,BERT-P,BERT-R,BERT-F1,METEOR,CHRF<10,COMET
24.367757231282948,52.78079995116342,49.98209067788681,81.1577752553916,0.8046757578849792,0.8364269733428955,0.8190982341766357,0.4601446832520424,19,0.7493313750624657
