cluster,BLEU,CHRF++,BERT-F1,COMET
1,28.088080570361793,32.54082968938401,0.7127542092993453,0.67290206293802
0,46.84761004748704,47.4244028947118,0.8135643377900124,0.7560336582362652
2,42.170618403542065,47.25320277121897,0.8197989347188369,0.7341345386660617
