BLEU,CHRF,CHRF++,TER,BERT-P,BERT-R,BERT-F1,METEOR,CHRF<10,COMET
43.32683600983753,49.65361425870039,46.8036037791086,73.50776778413737,0.7540395855903625,0.8095436692237854,0.7776946425437927,0.47983449432010256,27,0.7202381704747677
