BLEU,CHRF,CHRF++,TER,BERT-P,BERT-R,BERT-F1,METEOR,CHRF<10,COMET
34.211467212150936,33.66676886987145,29.163424359370698,52.43619489559165,0.8273549675941467,0.819878101348877,0.8222121000289917,0.3424497174663667,37,0.8088886349490194
