BLEU,CHRF,CHRF++,TER,BERT-P,BERT-R,BERT-F1,METEOR,CHRF<10,COMET
54.2036632347936,51.43529956403762,46.591984117462744,39.47518539646321,0.8435081839561462,0.8588531017303467,0.8496906757354736,0.5699675645489003,20,0.8299769476691693
