BLEU,CHRF,CHRF++,TER,BERT-P,BERT-R,BERT-F1,METEOR,COMET,CHRF<10
31.009990953667348,31.529779343836253,27.91391754899649,62.3785240055608,0.7745032575057478,0.7824285446989293,0.7776494637435797,0.37982273609698747,0.7506183033086815,48.0
