BLEU,CHRF,CHRF++,TER,BERT-P,BERT-R,BERT-F1,METEOR,CHRF<10,COMET
25.497161834162476,36.42611610180521,31.84841914709771,55.96170583115752,0.8400845527648926,0.8424419164657593,0.8408071994781494,0.4314639546789336,40,0.8439503186941146
