BLEU,CHRF,CHRF++,TER,BERT-P,BERT-R,BERT-F1,METEOR,CHRF<10,COMET
14.620543844707088,32.038549555258285,28.493868145959,95.07042253521126,0.8161147236824036,0.8210839033126831,0.818314254283905,0.27953334634543336,45,0.7640832646804697
