BLEU,CHRF,CHRF++,TER,BERT-P,BERT-R,BERT-F1,METEOR,COMET,CHRF<10
25.808130676237187,31.829951643174848,28.740768892222523,100.99066293183941,0.8161168287782108,0.821090113064822,0.8183183038935942,0.2795333463454334,0.7640832646804697,45.0
