BLEU,CHRF,CHRF++,TER,BERT-P,BERT-R,BERT-F1,METEOR,COMET,CHRF<10
43.90344283773539,61.420334856190856,59.613749591041625,74.21755442578689,0.8509493726491928,0.8744019043445587,0.8615074598789215,0.5855760921919163,0.7758966344594955,5.0
