BLEU,CHRF,CHRF++,TER,BERT-P,BERT-R,BERT-F1,METEOR,COMET,CHRF<10
40.09501820835235,63.2085173983422,60.59540343374081,74.98568014161556,0.8521219509840011,0.8819429677724838,0.8655999487638474,0.5676001510891602,0.7722656020522117,5.0
