BLEU,CHRF,CHRF++,TER,BERT-P,BERT-R,BERT-F1,METEOR,CHRF<10,COMET
22.706490261969176,50.76736431890768,47.01108561706254,81.3443072702332,0.8010168671607971,0.8286975026130676,0.8133454322814941,0.47457126372509556,19,0.7255126205086708
