BLEU,CHRF,CHRF++,TER,BERT-P,BERT-R,BERT-F1,METEOR,COMET,CHRF<10
32.042021230952585,53.95985338898211,51.347058516608584,166.97289934204701,0.7432190454006196,0.7879207357764244,0.7615638333559036,0.4917846088333552,0.7728142982721329,11.0
