BLEU,CHRF,CHRF++,TER,BERT-P,BERT-R,BERT-F1,METEOR,CHRF<10,COMET
21.69181814123626,55.470644288153196,52.51858508353114,83.18077803203661,0.7432167530059814,0.7879183888435364,0.7615618109703064,0.4917846088333552,11,0.7728142982721329
