BLEU,CHRF,CHRF++,TER,BERT-P,BERT-R,BERT-F1,METEOR,COMET,CHRF<10
25.01014645174603,44.606896393225504,41.54562280095346,96.79686517393607,0.8010214698314667,0.8287031459808349,0.813350590467453,0.4745712637250954,0.7255126205086708,19.0
