BLEU,CHRF,CHRF++,TER,BERT-P,BERT-R,BERT-F1,METEOR,CHRF<10,COMET
18.075702709689534,34.772121561555366,33.86023080445891,119.81279251170048,0.7913709878921509,0.8142463564872742,0.8007292747497559,0.3989490985173112,16,0.675444425046444
