BLEU,CHRF,CHRF++,TER,BERT-P,BERT-R,BERT-F1,METEOR,COMET,CHRF<10
45.725407312442904,59.739279607183725,58.43100966036956,171.3535742035742,0.8453408485651016,0.8775375282764435,0.8592828249931336,0.5364126552778327,0.769171921312809,7.0
