BLEU,CHRF,CHRF++,TER,BERT-P,BERT-R,BERT-F1,METEOR,COMET,CHRF<10
19.401817633412453,34.43932250477002,33.220229462742225,207.37797619047623,0.7799158698320389,0.81356554210186,0.7952843338251114,0.10300786423370994,0.6243279227614402,22.0
