BLEU,CHRF,CHRF++,TER,BERT-P,BERT-R,BERT-F1,METEOR,CHRF<10,COMET
10.011132753844224,31.332228512796355,30.817534755105914,154.6351084812623,0.7799009680747986,0.8135522603988647,0.7952699065208435,0.10300786423370992,22,0.6243279227614402
