BLEU,CHRF,CHRF++,TER,BERT-P,BERT-R,BERT-F1,METEOR,COMET,CHRF<10
49.66037259577496,63.8576276822413,62.7699063625756,169.56681374181375,0.8512820300459861,0.8852326530218124,0.866304086446762,0.5978084714839776,0.7990659910440445,5.0
