BLEU,CHRF,CHRF++,TER,BERT-P,BERT-R,BERT-F1,METEOR,CHRF<10,COMET
22.51372987677112,54.7604061332899,53.6547516469008,115.87301587301589,0.8512725830078125,0.8852226734161377,0.8662940859794617,0.5978084714839775,5,0.7990659910440445
