BLEU,CHRF,CHRF++,TER,BERT-P,BERT-R,BERT-F1,METEOR,CHRF<10,COMET
18.84890489366281,37.9526176067389,37.91929461211688,134.59637561779243,0.7988483905792236,0.8432679772377014,0.8186532855033875,0.4920169334230485,16,0.7139963811635971
