BLEU,CHRF,CHRF++,TER,BERT-P,BERT-R,BERT-F1,METEOR,CHRF<10,COMET
17.78335176757775,36.04688171338678,35.1516477166025,119.83606557377048,0.7863924503326416,0.8145982623100281,0.7979428172111511,0.40009168274015183,22,0.7096317371726036
