BLEU,CHRF,CHRF++,TER,BERT-P,BERT-R,BERT-F1,METEOR,CHRF<10,COMET
14.212347560335722,40.66590308254603,40.28620499419026,128.11244979919678,0.7227194309234619,0.7972921133041382,0.7507975101470947,0.43392941774592214,10,0.7200913235545159
