BLEU,CHRF,CHRF++,TER,BERT-P,BERT-R,BERT-F1,METEOR,COMET,CHRF<10
10.014633972699166,46.33092909256779,40.24431454609205,95.44628220894077,0.7453258109092712,0.7571010226011277,0.7507421791553497,0.30949900814653936,0.6628908401727677,0.0
