BLEU,CHRF,CHRF++,TER,BERT-P,BERT-R,BERT-F1,METEOR,CHRF<10,COMET
11.33226983033837,48.134246005555504,42.17126181425844,84.375,0.7453227043151855,0.7571009993553162,0.7507405877113342,0.30949900814653936,0,0.6628908401727677
