BLEU,CHRF,CHRF++,TER,BERT-P,BERT-R,BERT-F1,METEOR,CHRF<10,COMET
9.674439979034377,43.09250598651522,38.351606916994385,86.82367918523234,0.7663887143135071,0.7749120593070984,0.7703641653060913,0.27049060548664505,2,0.6806350737810135
