BLEU,CHRF,CHRF++,TER,BERT-P,BERT-R,BERT-F1,METEOR,CHRF<10,COMET
21.311463058364346,54.54952292656811,50.82444913338149,72.3957393031233,0.7951862215995789,0.8074190020561218,0.8009620904922485,0.4675942061267155,0,0.7218017113208771
